Date:,Hour:,Visibility (sm):,Precipitation ID:,Temp. (f):,Rel. Humid. (%):,Wind Speed (mph):,Wind Dir.:,Air Press. (hg):,Percip. (in):
12.1.16,0,10,,61,100,10,230,29.36,T
12.1.16,1,8,,57,93,11,260,29.42,0.09
12.1.16,2,10,,56,87,11,280,29.44,T
12.1.16,3,10,,53,74,9,270,29.47,
12.1.16,4,10,,52,72,8,260,29.49,
12.1.16,5,10,,50,74,6,280,29.52,
12.1.16,6,10,,48,74,8,290,29.54,
12.1.16,7,10,,49,71,10,270,29.57,
12.1.16,8,10,,51,61,15,270,29.59,
12.1.16,9,10,,52,57,16,260,29.62,
12.1.16,10,10,,54,53,17,280,29.62,
12.1.16,11,10,,54,49,16,300,29.6,
12.1.16,12,10,,54,47,18,280,29.59,
12.1.16,13,10,,56,42,14,280,29.59,
12.1.16,14,10,,54,43,17,290,29.62,
12.1.16,15,10,,51,46,20,300,29.65,
12.1.16,16,10,,48,50,15,290,29.67,
12.1.16,17,10,,47,54,13,290,29.69,
12.1.16,18,10,,47,56,11,280,29.72,
12.1.16,19,10,,47,54,15,300,29.74,
12.1.16,20,10,,45,58,11,300,29.74,
12.1.16,21,10,,45,58,11,300,29.76,
12.1.16,22,10,,45,58,9,280,29.77,
12.1.16,23,10,,44,60,6,270,29.79,
12.2.16,0,10,,44,60,9,300,29.8,
12.2.16,1,10,,43,58,8,280,29.81,
12.2.16,2,10,,41,60,6,250,29.82,
12.2.16,3,10,,40,60,8,250,29.82,
12.2.16,4,10,,42,53,9,290,29.82,
12.2.16,5,10,,42,53,11,280,29.83,
12.2.16,6,10,,41,58,10,260,29.84,
12.2.16,7,10,,43,56,10,260,29.86,
12.2.16,8,10,,45,51,16,280,29.87,
12.2.16,9,10,,47,48,23,270,29.87,
12.2.16,10,10,,48,46,20,280,29.87,
12.2.16,11,10,,49,44,17,280,29.86,
12.2.16,12,10,,49,44,21,310,29.84,
12.2.16,13,10,,48,46,18,280,29.84,
12.2.16,14,10,,48,48,21,290,29.84,
12.2.16,15,10,,46,50,22,290,29.87,
12.2.16,16,10,,44,56,16,300,29.88,
12.2.16,17,10,,44,56,10,290,29.89,
12.2.16,18,10,,44,53,11,280,29.92,
12.2.16,19,10,,43,56,10,280,29.91,
12.2.16,20,10,,43,56,13,250,29.91,
12.2.16,21,10,,43,53,11,260,29.91,
12.2.16,22,10,,42,55,9,250,29.92,
12.2.16,23,10,,43,53,11,260,29.92,
12.3.16,0,10,,43,56,13,270,29.93,
12.3.16,1,10,,43,58,15,270,29.93,
12.3.16,2,10,,43,60,9,280,29.94,
12.3.16,3,10,,42,63,11,270,29.92,
12.3.16,4,10,,41,65,11,260,29.93,
12.3.16,5,10,,41,62,14,280,29.95,
12.3.16,6,10,,41,62,14,260,29.97,
12.3.16,7,10,,41,62,13,270,29.99,
12.3.16,8,10,,44,58,16,270,30.03,
12.3.16,9,10,,46,54,20,290,30.03,
12.3.16,10,10,,49,50,16,300,30.03,
12.3.16,11,10,,50,46,16,300,30.01,
12.3.16,12,10,,50,44,21,300,29.99,
12.3.16,13,10,,50,46,16,300,29.98,
12.3.16,14,10,,49,48,18,300,30.01,
12.3.16,15,10,,47,52,16,310,30.05,
12.3.16,16,10,,44,58,8,280,30.03,
12.3.16,17,10,,43,60,13,290,30.04,
12.3.16,18,10,,41,65,11,280,30.05,
12.3.16,19,10,,40,68,8,260,30.06,
12.3.16,20,10,,41,65,11,260,30.06,
12.3.16,21,10,,41,65,13,270,30.07,
12.3.16,22,10,,41,65,10,270,30.09,
12.3.16,23,10,,41,65,10,270,30.09,
12.4.16,0,10,,41,65,13,280,30.09,
12.4.16,1,10,,40,68,9,270,30.09,
12.4.16,2,10,,37,73,8,270,30.1,
12.4.16,3,10,,38,70,9,300,30.08,
12.4.16,4,10,,38,70,8,280,30.08,
12.4.16,5,10,,38,70,8,300,30.1,
12.4.16,6,10,,36,76,6,290,30.1,
12.4.16,7,10,,37,76,3,270,30.1,
12.4.16,8,10,,40,70,6,290,30.11,
12.4.16,9,10,,43,60,0,0,30.12,
12.4.16,10,10,,45,56,6,30,30.1,
12.4.16,11,10,,46,52,6,340,30.07,
12.4.16,12,10,,46,52,8,280,30.06,
12.4.16,13,10,,45,54,3,310,30.05,
12.4.16,14,10,,46,52,0,0,30.03,
12.4.16,15,10,,45,56,3,180,30.03,
12.4.16,16,10,,42,68,3,130,30.02,
12.4.16,17,10,,43,60,3,160,30.02,
12.4.16,18,10,,43,65,6,150,30,
12.4.16,19,10,,42,68,3,180,29.99,
12.4.16,20,10,,42,68,5,170,29.97,
12.4.16,21,10,,42,71,5,170,29.96,T
12.4.16,22,9,,40,86,3,VR,29.95,0.03
12.4.16,23,6,,39,96,5,150,29.92,0.03
12.5.16,0,4,,38,100,6,VR,29.88,0.05
12.5.16,1,4,,38,100,6,200,29.88,0.1
12.5.16,2,4,,39,100,5,170,29.86,0.05
12.5.16,3,5,,39,100,5,200,29.85,0.04
12.5.16,4,10,,40,100,5,180,29.83,T
12.5.16,5,10,,40,100,5,220,29.83,
12.5.16,6,10,,41,96,6,220,29.83,
12.5.16,7,10,,41,100,0,0,29.83,
12.5.16,8,10,,42,96,6,250,29.85,
12.5.16,9,10,,45,89,7,280,29.86,
12.5.16,10,10,,49,80,7,VR,29.85,
12.5.16,11,10,,53,62,9,310,29.83,
12.5.16,12,10,,54,55,15,320,29.83,
12.5.16,13,10,,54,51,9,310,29.84,
12.5.16,14,10,,53,53,9,300,29.85,
12.5.16,15,10,,51,57,7,290,29.86,
12.5.16,16,10,,49,61,6,310,29.88,
12.5.16,17,10,,44,77,0,0,29.88,
12.5.16,18,10,,44,71,3,310,29.9,
12.5.16,19,10,,45,63,5,340,29.92,
12.5.16,20,10,,45,60,3,340,29.93,
12.5.16,21,10,,44,63,5,20,29.94,
12.5.16,22,10,,43,65,5,360,29.95,
12.5.16,23,10,,43,63,0,0,29.96,
12.6.16,0,10,,39,79,0,0,29.97,
12.6.16,1,10,,42,65,5,20,29.95,
12.6.16,2,10,,42,65,0,0,29.95,
12.6.16,3,10,,41,68,5,30,29.95,
12.6.16,4,10,,42,65,10,40,29.93,
12.6.16,5,10,,42,65,10,70,29.93,
12.6.16,6,10,,41,68,9,80,29.93,
12.6.16,7,10,,41,70,5,100,29.94,
12.6.16,8,10,,43,65,11,80,29.93,
12.6.16,9,10,,42,71,11,90,29.91,T
12.6.16,10,10,,41,79,8,80,29.9,0.01
12.6.16,11,6,,41,82,8,70,29.84,0.02
12.6.16,12,9,,41,86,11,60,29.78,0.02
12.6.16,13,9,,41,86,7,60,29.72,T
12.6.16,14,2.5,,43,89,10,50,29.7,0.06
12.6.16,15,2.5,1,46,80,8,30,29.69,0.2
12.6.16,16,2,1,45,93,7,20,29.66,0.2
12.6.16,17,2,,42,100,14,70,29.65,0.12
12.6.16,18,3,,43,100,14,40,29.65,0.04
12.6.16,19,3,,43,100,7,360,29.66,0.06
12.6.16,20,3,,44,96,10,10,29.62,0.04
12.6.16,21,10,,43,100,8,20,29.62,
12.6.16,22,5,,44,96,10,40,29.63,T
12.6.16,23,5,,43,100,6,350,29.66,0.01
12.7.16,0,6,,43,100,3,360,29.65,0.01
12.7.16,1,7,,43,100,5,300,29.7,T
12.7.16,2,9,,42,100,5,330,29.7,
12.7.16,3,9,,42,96,8,310,29.73,
12.7.16,4,10,,41,100,3,310,29.75,
12.7.16,5,9,,41,100,3,310,29.77,
12.7.16,6,9,,42,96,5,320,29.81,
12.7.16,7,8,,41,100,3,300,29.83,
12.7.16,8,9,,43,93,3,300,29.84,
12.7.16,9,10,,46,86,7,300,29.87,
12.7.16,10,10,,47,80,9,290,29.86,
12.7.16,11,10,,48,71,10,310,29.85,
12.7.16,12,10,,49,66,10,280,29.84,
12.7.16,13,10,,50,57,11,300,29.85,
12.7.16,14,10,,51,45,7,310,29.86,
12.7.16,15,10,,48,52,10,290,29.88,
12.7.16,16,10,,43,60,6,270,29.89,
12.7.16,17,10,,40,73,0,0,29.9,
12.7.16,18,10,,38,79,0,0,29.91,
12.7.16,19,10,,34,89,0,0,29.9,
12.7.16,20,10,,34,92,0,0,29.9,
12.7.16,21,10,,34,92,3,250,29.9,
12.7.16,22,8,,32,96,0,0,29.9,
12.7.16,23,9,,32,96,0,0,29.89,
12.8.16,0,8,,31,96,3,250,29.88,
12.8.16,1,8,,31,100,3,260,29.89,
12.8.16,2,8,,31,96,0,0,29.87,
12.8.16,3,9,,33,96,0,0,29.88,
12.8.16,4,10,,35,96,0,0,29.86,
12.8.16,5,10,,36,92,0,0,29.86,
12.8.16,6,10,,38,89,3,240,29.86,
12.8.16,7,10,,39,76,3,250,29.86,T
12.8.16,8,10,,42,68,5,260,29.87,
12.8.16,9,10,,44,51,7,250,29.87,
12.8.16,10,10,,44,45,10,280,29.86,
12.8.16,11,10,,44,38,13,280,29.83,
12.8.16,12,10,,45,35,18,270,29.8,
12.8.16,13,10,,45,37,16,270,29.81,
12.8.16,14,10,,45,37,13,270,29.81,
12.8.16,15,10,,45,32,15,290,29.83,
12.8.16,16,10,,42,33,14,290,29.87,
12.8.16,17,10,,39,41,11,290,29.89,
12.8.16,18,10,,38,44,13,300,29.92,
12.8.16,19,10,,36,48,18,300,29.94,
12.8.16,20,10,,33,48,17,300,29.97,
12.8.16,21,10,,33,46,17,310,29.99,
12.8.16,22,10,,32,47,13,300,30,
12.8.16,23,10,,31,51,14,290,30,
12.9.16,0,10,,31,54,15,280,30,
12.9.16,1,10,,30,54,17,280,30.01,
12.9.16,2,10,,30,51,13,290,30.04,
12.9.16,3,10,,29,51,11,290,30.05,
12.9.16,4,10,,28,56,15,280,30.04,
12.9.16,5,10,,28,56,13,280,30.07,
12.9.16,6,10,,28,58,14,290,30.08,
12.9.16,7,10,,29,56,17,280,30.09,
12.9.16,8,10,,31,54,14,300,30.1,
12.9.16,9,10,,34,50,15,300,30.13,
12.9.16,10,10,,36,46,20,290,30.13,
12.9.16,11,10,,37,44,18,290,30.12,
12.9.16,12,10,,38,43,15,270,30.1,
12.9.16,13,10,,39,39,16,300,30.1,
12.9.16,14,10,,38,43,17,280,30.12,
12.9.16,15,10,,36,44,16,310,30.14,
12.9.16,16,10,,34,50,13,280,30.17,
12.9.16,17,10,,32,54,13,290,30.19,
12.9.16,18,10,,31,54,13,280,30.21,
12.9.16,19,10,,31,54,14,280,30.23,
12.9.16,20,10,,30,58,14,300,30.21,
12.9.16,21,10,,28,63,8,290,30.21,
12.9.16,22,10,,28,63,8,260,30.23,
12.9.16,23,10,,28,66,9,260,30.24,
12.10.16,0,10,,27,69,8,270,30.25,
12.10.16,1,10,,27,69,10,260,30.25,
12.10.16,2,10,,27,69,10,270,30.26,
12.10.16,3,10,,28,63,6,250,30.27,
12.10.16,4,10,,25,75,9,270,30.27,
12.10.16,5,10,,26,69,3,230,30.29,
12.10.16,6,10,,24,75,6,260,30.3,
12.10.16,7,10,,28,63,8,260,30.3,
12.10.16,8,10,,31,59,11,280,30.31,
12.10.16,9,10,,34,50,16,290,30.32,
12.10.16,10,10,,35,48,13,290,30.3,
12.10.16,11,10,,35,44,15,280,30.28,
12.10.16,12,10,,35,42,11,260,30.26,
12.10.16,13,10,,34,44,15,300,30.25,
12.10.16,14,10,,35,42,17,270,30.25,
12.10.16,15,10,,34,40,14,290,30.27,
12.10.16,16,10,,31,47,10,290,30.3,
12.10.16,17,10,,29,51,8,290,30.32,
12.10.16,18,10,,27,55,7,280,30.34,
12.10.16,19,10,,28,53,7,280,30.34,
12.10.16,20,10,,27,53,5,260,30.34,
12.10.16,21,10,,26,58,5,260,30.34,
12.10.16,22,10,,25,60,6,300,30.36,
12.10.16,23,10,,25,63,0,0,30.34,
12.11.16,0,10,,25,66,3,260,30.34,
12.11.16,1,10,,26,66,0,0,30.34,
12.11.16,2,10,,26,66,0,0,30.35,
12.11.16,3,10,,27,63,0,0,30.35,
12.11.16,4,10,,27,69,0,0,30.36,
12.11.16,5,10,,27,72,0,0,30.38,
12.11.16,6,10,,28,66,3,250,30.39,
12.11.16,7,10,,29,58,3,10,30.38,
12.11.16,8,10,,30,64,0,0,30.4,
12.11.16,9,10,,31,61,6,110,30.39,
12.11.16,10,10,,32,61,6,110,30.35,
12.11.16,11,10,,34,52,7,140,30.33,
12.11.16,12,10,,35,52,5,190,30.28,
12.11.16,13,10,,36,50,7,150,30.26,
12.11.16,14,10,,36,55,8,150,30.23,
12.11.16,15,10,,37,55,8,130,30.21,
12.11.16,16,10,,36,57,5,130,30.19,
12.11.16,17,10,,36,59,0,0,30.17,
12.11.16,18,10,,34,64,3,120,30.14,
12.11.16,19,10,,35,67,0,0,30.13,
12.11.16,20,10,,34,79,3,110,30.09,
12.11.16,21,10,,35,79,5,120,30.03,
12.11.16,22,10,,37,79,5,90,29.99,
12.11.16,23,10,,41,62,6,190,29.93,
12.12.16,0,10,,41,65,7,200,29.9,
12.12.16,1,10,,40,79,5,210,29.87,T
12.12.16,2,10,,40,86,6,210,29.83,
12.12.16,3,10,,40,89,5,230,29.83,
12.12.16,4,4,,40,96,5,170,29.78,0.04
12.12.16,5,5,,39,100,3,190,29.75,0.11
12.12.16,6,9,,40,100,0,0,29.75,0.02
12.12.16,7,6,,42,100,8,230,29.74,T
12.12.16,8,6,,44,100,7,VR,29.73,
12.12.16,9,6,,45,96,7,230,29.73,
12.12.16,10,6,,46,96,6,230,29.73,
12.12.16,11,8,,47,96,6,260,29.71,
12.12.16,12,9,,48,93,6,280,29.68,
12.12.16,13,10,,50,86,8,300,29.68,
12.12.16,14,10,,52,77,9,300,29.69,
12.12.16,15,10,,52,66,14,300,29.69,
12.12.16,16,10,,49,66,10,300,29.73,
12.12.16,17,10,,45,74,7,300,29.77,
12.12.16,18,10,,44,77,6,290,29.81,
12.12.16,19,10,,44,71,6,300,29.83,
12.12.16,20,10,,42,73,5,270,29.85,
12.12.16,21,10,,40,76,3,240,29.89,
12.12.16,22,10,,38,82,7,290,29.92,
12.12.16,23,10,,39,76,7,330,29.93,
12.13.16,0,10,,39,70,8,310,29.94,
12.13.16,1,10,,38,70,5,310,29.96,
12.13.16,2,10,,37,70,5,290,29.98,
12.13.16,3,10,,34,82,0,0,30.01,
12.13.16,4,10,,34,85,0,0,30,
12.13.16,5,10,,33,85,0,0,30.01,
12.13.16,6,10,,33,85,0,0,30.02,
12.13.16,7,10,,33,85,0,0,30.02,
12.13.16,8,10,,38,70,8,100,30.01,
12.13.16,9,10,,39,67,7,120,30.01,
12.13.16,10,10,,40,62,5,160,30.02,
12.13.16,11,10,,42,58,3,VR,30.01,
12.13.16,12,10,,42,58,8,150,29.99,
12.13.16,13,10,,43,56,5,170,29.96,
12.13.16,14,10,,43,56,6,120,29.96,
12.13.16,15,10,,42,60,5,140,29.95,
12.13.16,16,10,,41,62,7,130,29.93,
12.13.16,17,10,,40,65,3,120,29.9,
12.13.16,18,10,,40,68,3,160,29.88,
12.13.16,19,10,,40,70,3,150,29.86,
12.13.16,20,10,,40,70,0,0,29.85,
12.13.16,21,10,,40,73,0,0,29.85,
12.13.16,22,10,,40,73,0,0,29.85,
12.13.16,23,10,,40,70,5,330,29.85,
12.14.16,0,10,,38,73,3,340,29.82,
12.14.16,1,10,,37,82,0,0,29.84,
12.14.16,2,10,,37,79,5,270,29.82,
12.14.16,3,10,,35,82,5,290,29.83,
12.14.16,4,10,,33,89,5,290,29.85,
12.14.16,5,9,,31,92,5,260,29.88,
12.14.16,6,8,,32,89,6,280,29.89,
12.14.16,7,10,,34,82,8,310,29.92,
12.14.16,8,10,,38,70,11,300,29.93,
12.14.16,9,10,,40,62,13,300,29.95,
12.14.16,10,10,,44,49,10,300,29.93,
12.14.16,11,10,,44,44,15,290,29.91,
12.14.16,12,10,,44,38,14,300,29.89,
12.14.16,13,10,,43,42,14,290,29.87,
12.14.16,14,10,,43,37,11,280,29.85,
12.14.16,15,10,,42,40,0,0,29.85,
12.14.16,16,10,,40,47,0,0,29.84,
12.14.16,17,10,,36,57,3,180,29.84,
12.14.16,18,10,,39,41,5,230,29.84,
12.14.16,19,10,,39,41,0,0,29.81,
12.14.16,20,10,,36,59,0,0,29.8,
12.14.16,21,10,,36,57,0,0,29.77,
12.14.16,22,10,,36,57,0,0,29.76,
12.14.16,23,10,,36,50,8,300,29.75,
12.15.16,0,10,,34,50,7,300,29.72,
12.15.16,1,10,,35,50,8,290,29.72,
12.15.16,2,10,,35,54,17,290,29.72,
12.15.16,3,10,,34,50,20,290,29.72,
12.15.16,4,10,,32,35,21,290,29.73,
12.15.16,5,10,,28,39,13,280,29.77,
12.15.16,6,10,,26,34,21,310,29.8,
12.15.16,7,10,,24,35,31,290,29.84,
12.15.16,8,10,,23,33,26,290,29.89,
12.15.16,9,10,,23,29,24,290,29.92,
12.15.16,10,10,,24,28,23,300,29.92,
12.15.16,11,10,,24,29,25,270,29.93,
12.15.16,12,10,,24,29,21,290,29.95,
12.15.16,13,10,,23,30,26,290,29.97,
12.15.16,14,10,,21,31,26,300,30.01,
12.15.16,15,10,,20,30,24,300,30.03,
12.15.16,16,10,,19,32,16,310,30.07,
12.15.16,17,10,,18,34,15,300,30.11,
12.15.16,18,10,,17,37,10,280,30.15,
12.15.16,19,10,,16,41,13,280,30.17,
12.15.16,20,10,,16,41,11,270,30.18,
12.15.16,21,10,,16,41,13,260,30.19,
12.15.16,22,10,,16,41,10,250,30.21,
12.15.16,23,10,,15,42,6,250,30.21,
12.16.16,0,10,,15,42,10,260,30.21,
12.16.16,1,10,,14,46,10,270,30.23,
12.16.16,2,10,,15,47,9,270,30.25,
12.16.16,3,10,,14,49,8,270,30.26,
12.16.16,4,10,,13,53,9,280,30.25,
12.16.16,5,10,,14,49,10,270,30.28,
12.16.16,6,10,,16,47,9,290,30.3,
12.16.16,7,10,,17,45,10,300,30.32,
12.16.16,8,10,,19,43,14,290,30.33,
12.16.16,9,10,,20,43,8,340,30.33,
12.16.16,10,10,,22,42,5,210,30.34,
12.16.16,11,10,,23,40,0,0,30.32,
12.16.16,12,10,,24,38,8,190,30.3,
12.16.16,13,10,,25,33,5,210,30.29,
12.16.16,14,10,,25,32,7,170,30.27,
12.16.16,15,10,,25,30,6,210,30.28,
12.16.16,16,10,,25,33,3,VR,30.26,
12.16.16,17,10,,25,35,6,160,30.25,
12.16.16,18,10,,25,37,5,150,30.24,
12.16.16,19,10,,25,38,7,160,30.23,
12.16.16,20,10,,25,42,5,170,30.21,
12.16.16,21,10,,25,44,3,VR,30.19,
12.16.16,22,10,,26,44,5,VR,30.17,
12.16.16,23,10,,26,46,5,200,30.15,
12.17.16,0,10,,27,44,6,150,30.1,
12.17.16,1,10,,28,45,8,160,30.08,
12.17.16,2,10,,29,47,9,170,30.05,
12.17.16,3,10,,29,58,7,170,29.98,
12.17.16,4,6,,28,78,6,200,29.95,T
12.17.16,5,4,,28,96,5,160,29.9,0.06
12.17.16,6,2.5,,29,100,5,220,29.87,0.1
12.17.16,7,2.5,1,30,96,6,220,29.87,0.21
12.17.16,8,2.5,,31,100,6,180,29.83,0.14
12.17.16,9,5,,31,100,6,190,29.82,0.01
12.17.16,10,8,,31,100,8,210,29.8,0.06
12.17.16,11,8,,31,100,7,230,29.76,T
12.17.16,12,6,,32,100,6,240,29.75,
12.17.16,13,4,,33,100,0,0,29.73,
12.17.16,14,4,,34,100,0,0,29.73,
12.17.16,15,3,,34,96,3,120,29.72,
12.17.16,16,3,,33,100,0,0,29.73,
12.17.16,17,4,,33,100,5,40,29.74,
12.17.16,18,4,,33,100,0,0,29.76,
12.17.16,19,2.5,,32,100,0,0,29.75,
12.17.16,20,2.5,,32,100,0,0,29.73,
12.17.16,21,2.5,,32,100,0,0,29.71,
12.17.16,22,2.5,,33,100,0,0,29.71,
12.17.16,23,4,,34,100,0,0,29.7,
12.18.16,0,3,,34,100,0,0,29.67,
12.18.16,1,4,,34,100,0,0,29.65,
12.18.16,2,6,,54,96,13,200,29.63,
12.18.16,3,7,,55,93,10,210,29.62,
12.18.16,4,8,,56,90,14,220,29.6,
12.18.16,5,8,,57,90,15,210,29.57,
12.18.16,6,9,,57,93,14,210,29.59,
12.18.16,7,10,,58,90,6,280,29.67,
12.18.16,8,10,,59,90,10,200,29.65,
12.18.16,9,10,,61,87,11,210,29.66,
12.18.16,10,10,,63,87,9,220,29.7,
12.18.16,11,10,,61,93,5,200,29.71,0.01
12.18.16,12,10,,62,90,8,200,29.71,T
12.18.16,13,10,,48,74,25,300,29.81,0.01
12.18.16,14,10,,44,65,20,310,29.91,T
12.18.16,15,10,,42,63,20,310,29.98,T
12.18.16,16,10,,41,62,14,320,30.03,
12.18.16,17,10,,40,60,13,310,30.12,
12.18.16,18,10,,39,62,9,320,30.16,
12.18.16,19,10,,37,65,8,310,30.21,
12.18.16,20,10,,36,64,6,310,30.26,
12.18.16,21,10,,36,62,8,300,30.31,
12.18.16,22,10,,35,59,6,310,30.32,
12.18.16,23,10,,35,54,9,330,30.32,
12.19.16,0,10,,33,59,3,330,30.35,
12.19.16,1,10,,33,54,6,330,30.38,
12.19.16,2,10,,32,56,7,330,30.41,
12.19.16,3,10,,32,56,6,330,30.44,
12.19.16,4,10,,31,51,8,350,30.46,
12.19.16,5,10,,31,51,9,350,30.48,
12.19.16,6,10,,30,54,7,VR,30.51,
12.19.16,7,10,,29,61,7,340,30.54,
12.19.16,8,10,,30,56,10,30,30.55,
12.19.16,9,10,,30,51,11,40,30.56,
12.19.16,10,10,,33,48,7,VR,30.56,
12.19.16,11,10,,33,48,8,340,30.53,
12.19.16,12,10,,34,46,8,40,30.51,
12.19.16,13,10,,34,46,6,320,30.5,
12.19.16,14,10,,34,46,8,30,30.49,
12.19.16,15,10,,33,48,6,360,30.48,
12.19.16,16,10,,32,49,6,360,30.49,
12.19.16,17,10,,31,51,7,30,30.5,
12.19.16,18,10,,30,54,8,50,30.51,
12.19.16,19,10,,30,51,6,30,30.51,
12.19.16,20,10,,29,53,6,50,30.5,
12.19.16,21,10,,29,53,6,30,30.5,
12.19.16,22,10,,28,56,6,30,30.5,
12.19.16,23,10,,28,56,6,40,30.49,
12.20.16,0,10,,27,58,3,30,30.49,
12.20.16,1,10,,26,58,5,30,30.48,
12.20.16,2,10,,25,60,0,0,30.46,
12.20.16,3,10,,21,78,3,350,30.45,
12.20.16,4,10,,20,81,0,0,30.44,
12.20.16,5,10,,22,74,5,350,30.44,
12.20.16,6,10,,23,71,3,10,30.43,
12.20.16,7,10,,22,78,0,0,30.42,
12.20.16,8,10,,26,60,3,100,30.41,
12.20.16,9,10,,30,47,6,VR,30.41,
12.20.16,10,10,,31,45,3,30,30.39,
12.20.16,11,10,,33,42,0,0,30.33,
12.20.16,12,10,,34,44,5,100,30.28,
12.20.16,13,10,,35,44,6,110,30.24,
12.20.16,14,10,,35,46,7,100,30.21,
12.20.16,15,10,,34,50,6,80,30.19,
12.20.16,16,10,,29,61,7,100,30.17,
12.20.16,17,10,,28,63,0,0,30.16,
12.20.16,18,10,,25,72,3,170,30.14,
12.20.16,19,10,,25,72,0,0,30.12,
12.20.16,20,10,,24,78,0,0,30.1,
12.20.16,21,10,,24,81,0,0,30.09,
12.20.16,22,10,,24,81,0,0,30.07,
12.20.16,23,10,,23,85,0,0,30.04,
12.21.16,0,10,,26,75,0,0,30.02,
12.21.16,1,10,,24,81,5,240,30.01,
12.21.16,2,10,,26,78,0,0,30.01,
12.21.16,3,10,,25,81,0,0,30,
12.21.16,4,10,,24,85,3,230,30.02,
12.21.16,5,10,,23,85,5,250,30.03,
12.21.16,6,10,,25,78,6,230,30.05,
12.21.16,7,10,,29,69,7,230,30.05,
12.21.16,8,10,,33,64,5,230,30.06,
12.21.16,9,10,,37,55,7,260,30.08,
12.21.16,10,10,,43,40,8,270,30.08,
12.21.16,11,10,,46,36,10,290,30.07,
12.21.16,12,10,,47,34,8,260,30.04,
12.21.16,13,10,,48,32,8,250,30.04,
12.21.16,14,10,,48,30,8,250,30.05,
12.21.16,15,10,,46,33,3,230,30.05,
12.21.16,16,10,,44,34,6,310,30.06,
12.21.16,17,10,,36,55,0,0,30.06,
12.21.16,18,10,,35,54,3,170,30.05,
12.21.16,19,10,,32,64,0,0,30.05,
12.21.16,20,10,,29,72,0,0,30.05,
12.21.16,21,10,,29,72,0,0,30.03,
12.21.16,22,10,,28,78,0,0,30.02,
12.21.16,23,10,,27,78,0,0,29.99,
12.22.16,0,10,,28,78,0,0,29.96,
12.22.16,1,10,,31,85,0,0,29.93,
12.22.16,2,10,,37,59,0,0,29.9,
12.22.16,3,10,,39,55,5,160,29.87,
12.22.16,4,10,,36,73,0,0,29.86,
12.22.16,5,10,,34,79,3,290,29.84,
12.22.16,6,10,,34,73,0,0,29.84,
12.22.16,7,10,,31,78,0,0,29.85,
12.22.16,8,10,,42,55,5,220,29.84,
12.22.16,9,10,,44,49,7,240,29.83,
12.22.16,10,10,,49,43,7,270,29.83,
12.22.16,11,10,,54,31,10,270,29.81,
12.22.16,12,10,,57,29,11,260,29.77,
12.22.16,13,10,,56,29,20,270,29.8,
12.22.16,14,10,,55,30,24,300,29.82,
12.22.16,15,10,,51,38,17,310,29.89,
12.22.16,16,10,,44,49,22,300,29.97,
12.22.16,17,10,,43,51,9,300,30.02,
12.22.16,18,10,,43,51,9,300,30.05,
12.22.16,19,10,,42,51,11,320,30.09,
12.22.16,20,10,,40,55,10,300,30.11,
12.22.16,21,10,,36,64,8,290,30.13,
12.22.16,22,10,,36,64,5,270,30.14,
12.22.16,23,10,,34,67,6,270,30.15,
12.23.16,0,10,,31,75,7,270,30.18,
12.23.16,1,10,,31,75,5,260,30.2,
12.23.16,2,10,,27,85,5,230,30.23,
12.23.16,3,10,,29,82,3,250,30.24,
12.23.16,4,10,,27,85,0,0,30.25,
12.23.16,5,10,,26,88,6,240,30.27,
12.23.16,6,10,,26,88,5,230,30.29,
12.23.16,7,10,,32,75,7,230,30.31,
12.23.16,8,10,,37,67,6,240,30.34,
12.23.16,9,10,,41,55,9,290,30.35,
12.23.16,10,10,,43,49,0,0,30.33,
12.23.16,11,10,,45,46,6,VR,30.31,
12.23.16,12,10,,46,44,7,270,30.29,
12.23.16,13,10,,46,44,6,VR,30.27,
12.23.16,14,10,,46,44,6,220,30.28,
12.23.16,15,10,,46,42,5,220,30.28,
12.23.16,16,10,,44,47,0,0,30.28,
12.23.16,17,10,,42,53,0,0,30.27,
12.23.16,18,10,,40,57,0,0,30.27,
12.23.16,19,10,,39,60,3,100,30.27,
12.23.16,20,10,,39,60,0,0,30.25,
12.23.16,21,10,,38,65,0,0,30.24,
12.23.16,22,10,,38,65,0,0,30.23,
12.23.16,23,10,,39,65,0,0,30.21,
12.24.16,0,10,,40,62,3,VR,30.18,
12.24.16,1,10,,40,65,3,VR,30.15,
12.24.16,2,10,,41,65,7,180,30.16,
12.24.16,3,6,,40,76,5,150,30.11,0.01
12.24.16,4,4,,38,93,0,0,30.1,0.05
12.24.16,5,4,,38,100,0,0,30.09,0.11
12.24.16,6,3,,38,100,5,170,30.06,0.11
12.24.16,7,2.5,,39,100,3,220,30.05,0.06
12.24.16,8,2,,40,100,8,160,30,0.07
12.24.16,9,3,,41,100,0,0,30,0.03
12.24.16,10,5,,43,100,7,230,29.98,0.01
12.24.16,11,5,,44,100,8,240,29.97,0.01
12.24.16,12,5,,45,96,9,240,29.95,
12.24.16,13,6,,47,96,7,240,29.95,
12.24.16,14,10,,48,93,6,270,29.99,
12.24.16,15,9,,46,96,0,0,30,
12.24.16,16,9,,44,100,0,0,30.03,
12.24.16,17,6,,44,100,0,0,30.04,
12.24.16,18,8,,45,96,0,0,30.06,
12.24.16,19,6,,42,100,3,240,30.09,
12.24.16,20,9,,42,100,0,0,30.09,
12.24.16,21,10,,42,100,3,310,30.12,
12.24.16,22,8,,41,100,0,0,30.15,
12.24.16,23,10,,44,96,3,VR,30.17,
12.25.16,0,10,,46,86,5,330,30.17,
12.25.16,1,10,,42,93,3,320,30.18,
12.25.16,2,8,,38,96,0,0,30.2,
12.25.16,3,7,,34,100,0,0,30.21,
12.25.16,4,7,,34,100,5,300,30.22,
12.25.16,5,7,,33,100,3,350,30.26,
12.25.16,6,7,,31,100,3,300,30.28,
12.25.16,7,7,,35,92,0,0,30.3,
12.25.16,8,10,,40,79,6,10,30.31,
12.25.16,9,7,,43,73,8,330,30.34,
12.25.16,10,10,,45,68,6,350,30.36,
12.25.16,11,10,,47,63,7,20,30.34,
12.25.16,12,10,,48,61,6,VR,30.32,
12.25.16,13,10,,48,59,0,0,30.31,
12.25.16,14,10,,48,59,0,0,30.31,
12.25.16,15,10,,48,59,0,0,30.34,
12.25.16,16,10,,42,73,9,100,30.35,
12.25.16,17,10,,41,76,3,100,30.37,
12.25.16,18,10,,37,89,0,0,30.4,
12.25.16,19,10,,35,92,0,0,30.42,
12.25.16,20,10,,32,100,0,0,30.43,
12.25.16,21,9,,31,100,3,270,30.45,
12.25.16,22,9,,30,100,0,0,30.46,
12.25.16,23,7,,27,100,3,290,30.46,
12.26.16,0,6,,29,100,0,0,30.47,
12.26.16,1,6,,28,100,3,260,30.48,
12.26.16,2,7,,31,100,0,0,30.48,
12.26.16,3,7,,33,100,0,0,30.47,
12.26.16,4,9,,37,93,3,60,30.47,
12.26.16,5,10,,38,89,5,40,30.45,
12.26.16,6,10,,38,86,6,40,30.47,
12.26.16,7,10,,38,86,6,70,30.45,
12.26.16,8,10,,38,86,6,50,30.46,
12.26.16,9,10,,39,86,0,0,30.46,
12.26.16,10,10,,41,82,5,90,30.44,
12.26.16,11,10,,42,83,5,70,30.39,
12.26.16,12,10,,43,79,0,0,30.36,
12.26.16,13,10,,43,83,0,0,30.33,
12.26.16,14,8,,42,93,0,0,30.29,T
12.26.16,15,10,,43,89,3,120,30.26,T
12.26.16,16,10,,42,89,3,90,30.24,T
12.26.16,17,10,,43,86,0,0,30.23,T
12.26.16,18,10,,43,93,3,120,30.18,
12.26.16,19,10,,44,89,3,160,30.14,T
12.26.16,20,10,,45,89,3,200,30.11,T
12.26.16,21,10,,46,89,7,200,30.06,
12.26.16,22,10,,47,86,6,200,30.02,
12.26.16,23,10,,51,77,11,210,29.98,
12.27.16,0,10,,52,77,14,210,29.91,
12.27.16,1,10,,54,77,13,210,29.88,
12.27.16,2,10,,54,80,16,220,29.84,
12.27.16,3,10,,55,86,14,220,29.82,
12.27.16,4,10,,57,87,16,220,29.79,
12.27.16,5,10,,57,87,17,220,29.76,
12.27.16,6,10,,56,93,13,210,29.76,0.01
12.27.16,7,10,,56,93,10,230,29.75,0.01
12.27.16,8,10,,56,93,10,220,29.75,
12.27.16,9,10,,58,87,9,230,29.75,
12.27.16,10,10,,59,84,13,240,29.75,
12.27.16,11,10,,60,84,13,270,29.74,
12.27.16,12,10,,63,63,11,280,29.71,
12.27.16,13,10,,65,47,13,230,29.68,
12.27.16,14,10,,65,32,13,270,29.68,
12.27.16,15,10,,62,37,8,290,29.7,
12.27.16,16,10,,58,46,7,260,29.71,
12.27.16,17,10,,56,47,13,280,29.73,
12.27.16,18,10,,57,40,9,310,29.74,
12.27.16,19,10,,55,43,15,290,29.75,
12.27.16,20,10,,52,49,8,290,29.78,
12.27.16,21,10,,49,52,6,280,29.8,
12.27.16,22,10,,48,54,9,260,29.8,
12.27.16,23,10,,47,54,7,280,29.82,
12.28.16,0,10,,45,58,10,290,29.83,
12.28.16,1,10,,45,56,10,310,29.85,
12.28.16,2,10,,44,58,11,300,29.88,
12.28.16,3,10,,39,67,7,290,29.88,
12.28.16,4,10,,38,67,5,290,29.91,
12.28.16,5,10,,38,65,3,300,29.94,
12.28.16,6,10,,34,73,7,260,29.95,
12.28.16,7,10,,36,67,7,270,29.97,
12.28.16,8,10,,41,58,8,260,30,
12.28.16,9,10,,44,53,14,280,30.02,
12.28.16,10,10,,45,49,11,320,30.02,
12.28.16,11,10,,45,49,8,250,29.99,
12.28.16,12,10,,46,48,9,260,29.98,
12.28.16,13,10,,47,46,13,280,29.97,
12.28.16,14,10,,47,44,8,290,29.97,
12.28.16,15,10,,46,48,6,290,29.96,
12.28.16,16,10,,43,51,6,350,29.96,
12.28.16,17,10,,43,51,0,0,29.96,
12.28.16,18,10,,41,55,6,20,29.96,
12.28.16,19,10,,35,70,0,0,29.97,
12.28.16,20,10,,34,73,6,90,29.97,
12.28.16,21,10,,34,82,7,100,29.96,
12.28.16,22,10,,34,82,5,120,29.94,
12.28.16,23,10,,33,82,5,110,29.91,
12.29.16,0,10,,32,85,5,90,29.88,
12.29.16,1,10,,33,89,6,90,29.85,
12.29.16,2,10,,35,89,5,80,29.82,
12.29.16,3,10,,36,92,9,80,29.77,
12.29.16,4,6,,36,96,3,70,29.73,T
12.29.16,5,4,,36,100,3,110,29.71,0.11
12.29.16,6,3,,39,100,5,140,29.66,0.07
12.29.16,7,5,,41,100,3,140,29.65,0.03
12.29.16,8,2.5,,41,100,0,0,29.62,0.03
12.29.16,9,2,,42,100,3,200,29.59,0.04
12.29.16,10,5,,42,100,5,250,29.57,0.01
12.29.16,11,8,,43,100,7,250,29.49,
12.29.16,12,10,,45,93,11,280,29.49,
12.29.16,13,10,,44,89,10,270,29.46,
12.29.16,14,10,,45,86,6,260,29.46,
12.29.16,15,10,,47,77,8,240,29.47,
12.29.16,16,10,,46,46,18,270,29.47,
12.29.16,17,10,,44,49,20,280,29.52,
12.29.16,18,10,,42,53,15,280,29.54,
12.29.16,19,10,,40,55,11,280,29.57,
12.29.16,20,10,,37,62,9,290,29.57,
12.29.16,21,10,,34,70,8,270,29.57,
12.29.16,22,10,,35,64,8,260,29.54,
12.29.16,23,10,,34,67,8,260,29.54,
12.30.16,0,10,,37,59,10,260,29.52,
12.30.16,1,10,,38,62,14,260,29.54,
12.30.16,2,10,,37,62,15,260,29.54,
12.30.16,3,10,,37,55,16,260,29.54,
12.30.16,4,10,,36,59,18,260,29.54,
12.30.16,5,10,,35,64,14,260,29.57,
12.30.16,6,10,,34,64,9,260,29.58,
12.30.16,7,10,,34,67,8,260,29.6,
12.30.16,8,10,,37,59,14,270,29.62,
12.30.16,9,9,,40,55,16,270,29.65,T
12.30.16,10,10,,38,65,18,270,29.67,T
12.30.16,11,8,,38,57,21,270,29.67,T
12.30.16,12,9,,40,49,14,290,29.67,T
12.30.16,13,10,,41,40,21,280,29.67,
12.30.16,14,10,,40,38,16,270,29.69,
12.30.16,15,10,,38,48,15,260,29.73,
12.30.16,16,10,,35,62,10,310,29.77,
12.30.16,17,10,,35,48,15,270,29.81,
12.30.16,18,10,,34,48,16,280,29.85,
12.30.16,19,10,,34,46,17,300,29.88,
12.30.16,20,10,,32,49,11,280,29.89,
12.30.16,21,10,,32,49,5,230,29.92,
12.30.16,22,10,,30,56,6,220,29.93,
12.30.16,23,10,,30,56,6,230,29.94,
12.31.16,0,10,,30,58,7,220,29.95,
12.31.16,1,10,,29,63,5,210,29.96,
12.31.16,2,10,,29,63,3,220,29.97,
12.31.16,3,10,,28,66,5,220,29.98,
12.31.16,4,10,,28,66,3,210,29.98,
12.31.16,5,10,,28,69,3,220,29.99,
12.31.16,6,10,,27,72,3,210,29.99,
12.31.16,7,10,,28,69,3,210,29.99,
12.31.16,8,10,,33,59,7,210,29.98,
12.31.16,9,10,,35,54,8,190,29.97,
12.31.16,10,10,,40,47,7,VR,29.95,
12.31.16,11,10,,43,40,13,190,29.9,
12.31.16,12,10,,45,37,11,190,29.86,
12.31.16,13,10,,46,36,15,210,29.83,
12.31.16,14,10,,47,34,7,200,29.83,
12.31.16,15,10,,46,37,9,190,29.81,
12.31.16,16,10,,46,36,8,200,29.79,
12.31.16,17,10,,45,39,8,190,29.79,
12.31.16,18,10,,47,34,14,190,29.78,
12.31.16,19,10,,46,37,10,200,29.77,
12.31.16,20,10,,46,37,16,210,29.75,
12.31.16,21,10,,46,37,13,230,29.76,
12.31.16,22,10,,46,39,9,230,29.77,
12.31.16,23,10,,45,40,10,220,29.77,
1.1.17,0,10,,45,40,10,230,29.78,
1.1.17,1,10,,42,45,8,250,29.8,
1.1.17,2,10,,41,47,5,230,29.82,
1.1.17,3,10,,36,59,0,0,29.86,
1.1.17,4,10,,38,60,5,220,29.88,
1.1.17,5,10,,40,53,5,230,29.9,
1.1.17,6,10,,40,53,3,240,29.93,
1.1.17,7,10,,41,53,5,220,29.96,
1.1.17,8,10,,43,51,3,VR,30,
1.1.17,9,10,,47,52,7,310,30.02,
1.1.17,10,10,,50,44,8,320,30.04,
1.1.17,11,10,,52,43,10,300,30.04,
1.1.17,12,10,,53,40,7,VR,30.03,
1.1.17,13,10,,54,42,9,280,30.04,
1.1.17,14,10,,54,42,6,320,30.06,
1.1.17,15,10,,53,41,7,300,30.08,
1.1.17,16,10,,50,44,0,0,30.11,
1.1.17,17,10,,44,56,0,0,30.12,
1.1.17,18,10,,38,70,5,100,30.14,
1.1.17,19,10,,39,67,0,0,30.19,
1.1.17,20,10,,38,73,6,VR,30.18,
1.1.17,21,10,,38,73,5,80,30.2,
1.1.17,22,10,,42,71,6,80,30.21,
1.1.17,23,10,,42,71,0,0,30.21,
1.2.17,0,10,,42,73,5,50,30.21,
1.2.17,1,8,,42,73,7,60,30.21,0.01
1.2.17,2,5,,40,93,3,60,30.22,0.05
1.2.17,3,4,,39,93,6,10,30.23,0.04
1.2.17,4,5,,38,100,5,10,30.23,0.06
1.2.17,5,3,,38,100,5,30,30.23,T
1.2.17,6,2,,39,100,10,60,30.22,0.01
1.2.17,7,1.75,,40,100,10,70,30.21,T
1.2.17,8,1.25,,40,100,9,70,30.21,0.01
1.2.17,9,1.25,,41,100,9,70,30.22,0.03
1.2.17,10,2,,42,100,8,60,30.2,0.02
1.2.17,11,1.5,,42,100,11,60,30.16,0.01
1.2.17,12,1,,42,100,8,40,30.14,0.06
1.2.17,13,2,,42,100,11,40,30.12,0.04
1.2.17,14,2,,43,100,10,50,30.12,0.02
1.2.17,15,1,,43,100,10,50,30.11,0.02
1.2.17,16,2,,43,100,11,50,30.1,0.02
1.2.17,17,1.5,,43,100,13,40,30.1,T
1.2.17,18,1.5,,42,100,14,50,30.1,0.01
1.2.17,19,1.5,,42,100,10,60,30.08,T
1.2.17,20,1.5,,42,100,13,50,30.05,T
1.2.17,21,1.75,,42,100,8,50,30.05,0.01
1.2.17,22,2,,42,100,9,50,30.02,T
1.2.17,23,2,,42,100,8,50,30.01,0.01
1.3.17,0,1.5,,42,100,8,40,29.98,0.01
1.3.17,1,1.25,,42,100,7,50,29.95,T
1.3.17,2,1.25,,42,100,7,50,29.93,0.01
1.3.17,3,1.25,,42,100,5,50,29.92,0.01
1.3.17,4,2,,42,100,10,60,29.87,0.02
1.3.17,5,2,,42,100,11,60,29.83,T
1.3.17,6,3,,42,100,9,80,29.81,0.05
1.3.17,7,1.25,,41,100,11,50,29.77,0.06
1.3.17,8,2,,42,100,10,40,29.74,0.08
1.3.17,9,2.5,,42,100,10,50,29.69,0.12
1.3.17,10,1,1,42,100,6,70,29.65,0.26
1.3.17,11,1,,43,100,5,290,29.63,0.07
1.3.17,12,1.5,,43,100,5,340,29.58,0.1
1.3.17,13,6,,44,100,6,30,29.52,0.02
1.3.17,14,2.5,,45,100,3,360,29.49,
1.3.17,15,4,,45,100,0,0,29.47,
1.3.17,16,1.75,,45,100,0,0,29.46,
1.3.17,17,1.75,,45,100,0,0,29.42,T
1.3.17,18,6,,44,100,3,270,29.42,T
1.3.17,19,10,,44,100,5,250,29.42,
1.3.17,20,6,,44,100,3,200,29.41,
1.3.17,21,8,,43,100,5,230,29.41,
1.3.17,22,7,,43,100,5,250,29.41,
1.3.17,23,3,,44,100,0,0,29.39,
1.4.17,0,0.75,,44,100,3,240,29.36,0.01
1.4.17,1,0.5,,44,100,0,0,29.36,
1.4.17,2,0.25,,45,100,6,230,29.34,
1.4.17,3,0.12s,,45,100,10,240,29.36,T
1.4.17,4,4,,45,100,8,250,29.36,T
1.4.17,5,10,,44,100,6,240,29.38,
1.4.17,6,10,,42,100,5,270,29.38,
1.4.17,7,10,,45,96,5,260,29.39,
1.4.17,8,10,,47,96,5,220,29.41,
1.4.17,9,10,,48,96,6,240,29.44,
1.4.17,10,10,,50,93,6,260,29.46,
1.4.17,11,10,,53,74,15,290,29.44,
1.4.17,12,10,,54,55,20,300,29.42,
1.4.17,13,10,,55,37,20,280,29.42,
1.4.17,14,10,,52,37,23,290,29.46,
1.4.17,15,10,,50,32,29,290,29.47,
1.4.17,16,10,,47,24,23,280,29.5,
1.4.17,17,10,,43,25,15,280,29.54,
1.4.17,18,10,,41,29,15,270,29.57,
1.4.17,19,10,,37,39,10,270,29.6,
1.4.17,20,10,,37,34,11,270,29.63,
1.4.17,21,10,,36,34,14,270,29.66,
1.4.17,22,10,,35,34,10,250,29.69,
1.4.17,23,10,,33,38,11,270,29.71,
1.5.17,0,10,,32,42,10,260,29.71,
1.5.17,1,10,,31,41,8,260,29.72,
1.5.17,2,10,,29,45,8,250,29.75,
1.5.17,3,10,,28,47,5,260,29.78,
1.5.17,4,10,,27,51,5,270,29.8,
1.5.17,5,10,,29,45,7,320,29.79,
1.5.17,6,10,,29,45,7,310,29.82,
1.5.17,7,10,,30,43,8,300,29.85,
1.5.17,8,10,,30,43,10,290,29.88,
1.5.17,9,10,,31,41,9,260,29.88,
1.5.17,10,10,,31,41,6,260,29.87,
1.5.17,11,10,,33,38,5,270,29.84,
1.5.17,12,10,,35,34,8,250,29.8,
1.5.17,13,10,,35,39,8,250,29.79,
1.5.17,14,10,,35,46,8,230,29.79,T
1.5.17,15,6,,33,59,10,190,29.79,T
1.5.17,16,9,,32,75,3,250,29.8,T
1.5.17,17,4,,31,85,5,130,29.78,T
1.5.17,18,4,,31,92,0,0,29.79,T
1.5.17,19,8,,32,89,3,50,29.78,T
1.5.17,20,10,,32,89,5,80,29.78,
1.5.17,21,9,,31,92,5,100,29.78,
1.5.17,22,7,,32,89,6,60,29.78,T
1.5.17,23,7,,32,89,6,40,29.77,T
1.6.17,0,5,,31,96,5,20,29.76,T
1.6.17,1,1.5,,31,96,5,350,29.77,0.01
1.6.17,2,7,,31,92,3,340,29.77,T
1.6.17,3,10,,30,89,6,350,29.75,T
1.6.17,4,10,,30,82,9,320,29.79,
1.6.17,5,10,,30,75,5,VR,29.81,
1.6.17,6,10,,30,72,5,VR,29.83,
1.6.17,7,10,,29,75,6,320,29.89,
1.6.17,8,10,,30,69,8,350,29.9,
1.6.17,9,10,,31,64,10,350,29.93,
1.6.17,10,10,,31,61,10,360,29.96,
1.6.17,11,10,,31,59,9,340,29.96,
1.6.17,12,10,,31,51,9,280,29.95,
1.6.17,13,10,,31,47,11,300,29.94,
1.6.17,14,10,,29,47,13,280,29.97,
1.6.17,15,10,,28,49,14,300,29.99,
1.6.17,16,10,,28,43,8,310,30.03,
1.6.17,17,10,,27,44,11,290,30.06,
1.6.17,18,10,,27,47,9,310,30.08,
1.6.17,19,10,,27,47,7,300,30.09,
1.6.17,20,10,,26,46,6,310,30.09,
1.6.17,21,10,,25,46,3,300,30.11,
1.6.17,22,10,,25,48,6,310,30.12,
1.6.17,23,10,,25,48,7,340,30.12,
1.7.17,0,10,,25,48,7,360,30.13,
1.7.17,1,10,,24,48,7,340,30.14,
1.7.17,2,10,,23,50,8,30,30.14,
1.7.17,3,10,,23,50,8,340,30.14,
1.7.17,4,10,,23,50,8,360,30.11,
1.7.17,5,10,,22,55,9,350,30.09,
1.7.17,6,9,,22,55,9,10,30.1,T
1.7.17,7,10,,23,52,6,20,30.12,T
1.7.17,8,9,,23,55,6,10,30.14,T
1.7.17,9,2.5,,21,78,9,350,30.13,T
1.7.17,10,5,,22,78,9,340,30.1,0.01
1.7.17,11,6,,22,74,8,340,30.09,T
1.7.17,12,0.75,,21,88,9,320,30.05,0.01
1.7.17,13,3,,21,81,8,310,30.04,0.01
1.7.17,14,10,,23,63,10,320,30.02,T
1.7.17,15,10,,23,55,11,330,30.04,
1.7.17,16,10,,23,50,11,330,30.04,
1.7.17,17,10,,21,55,7,310,30.05,
1.7.17,18,10,,20,57,10,310,30.07,
1.7.17,19,10,,19,59,14,300,30.09,
1.7.17,20,10,,18,62,13,290,30.11,
1.7.17,21,10,,18,59,11,300,30.12,
1.7.17,22,10,,18,57,10,300,30.14,
1.7.17,23,10,,17,54,16,310,30.15,
1.8.17,0,10,,18,49,9,330,30.15,
1.8.17,1,10,,17,56,11,300,30.17,
1.8.17,2,10,,15,56,8,280,30.19,
1.8.17,3,10,,14,61,11,280,30.2,
1.8.17,4,10,,14,53,14,290,30.21,
1.8.17,5,10,,14,53,17,290,30.23,
1.8.17,6,10,,13,56,16,290,30.27,
1.8.17,7,10,,13,56,7,260,30.29,
1.8.17,8,10,,16,54,10,270,30.31,
1.8.17,9,10,,18,49,14,290,30.32,
1.8.17,10,10,,20,47,23,290,30.32,
1.8.17,11,10,,21,45,25,280,30.3,
1.8.17,12,10,,23,40,22,270,30.29,
1.8.17,13,10,,23,38,16,300,30.3,
1.8.17,14,10,,23,38,17,290,30.34,
1.8.17,15,10,,21,40,18,300,30.37,
1.8.17,16,10,,19,43,11,290,30.39,
1.8.17,17,10,,18,45,11,270,30.42,
1.8.17,18,10,,18,45,13,280,30.44,
1.8.17,19,10,,17,47,10,270,30.48,
1.8.17,20,10,,16,49,8,280,30.5,
1.8.17,21,10,,16,51,9,270,30.53,
1.8.17,22,10,,15,54,11,280,30.55,
1.8.17,23,10,,15,54,9,270,30.55,
1.9.17,0,10,,14,56,7,260,30.55,
1.9.17,1,10,,13,58,7,260,30.55,
1.9.17,2,10,,11,64,7,290,30.55,
1.9.17,3,10,,13,61,5,250,30.56,
1.9.17,4,10,,13,64,3,270,30.56,
1.9.17,5,10,,13,64,3,260,30.56,
1.9.17,6,10,,14,61,3,250,30.56,
1.9.17,7,10,,15,61,6,270,30.57,
1.9.17,8,10,,17,56,5,260,30.61,
1.9.17,9,10,,20,50,3,250,30.61,
1.9.17,10,10,,22,44,3,230,30.6,
1.9.17,11,10,,24,40,8,170,30.55,
1.9.17,12,10,,25,38,7,VR,30.52,
1.9.17,13,10,,25,38,8,200,30.5,
1.9.17,14,10,,25,38,10,170,30.49,
1.9.17,15,10,,25,38,8,170,30.48,
1.9.17,16,10,,24,44,6,160,30.49,
1.9.17,17,10,,22,48,3,170,30.49,
1.9.17,18,10,,22,48,7,190,30.5,
1.9.17,19,10,,21,50,0,0,30.5,
1.9.17,20,10,,19,54,3,150,30.49,
1.9.17,21,10,,20,54,0,0,30.48,
1.9.17,22,10,,19,59,0,0,30.47,
1.9.17,23,10,,18,62,0,0,30.45,
1.10.17,0,10,,17,68,0,0,30.44,
1.10.17,1,10,,18,65,0,0,30.42,
1.10.17,2,10,,18,71,0,0,30.42,
1.10.17,3,10,,18,71,3,140,30.42,
1.10.17,4,10,,18,71,0,0,30.41,
1.10.17,5,10,,19,71,3,130,30.39,
1.10.17,6,10,,18,74,0,0,30.41,
1.10.17,7,10,,21,65,3,160,30.4,
1.10.17,8,10,,24,63,3,130,30.4,
1.10.17,9,10,,27,53,7,220,30.42,
1.10.17,10,10,,29,51,6,VR,30.4,
1.10.17,11,10,,30,49,6,160,30.33,T
1.10.17,12,10,,33,44,8,160,30.28,
1.10.17,13,10,,34,42,8,160,30.25,
1.10.17,14,10,,34,48,5,130,30.24,
1.10.17,15,10,,34,50,9,140,30.22,
1.10.17,16,10,,33,70,6,140,30.2,
1.10.17,17,10,,34,62,7,160,30.18,
1.10.17,18,10,,35,48,6,160,30.17,
1.10.17,19,10,,35,46,10,180,30.12,
1.10.17,20,10,,36,44,11,180,30.07,
1.10.17,21,10,,39,43,7,210,30.03,
1.10.17,22,10,,40,53,8,200,30.03,T
1.10.17,23,10,,38,76,7,210,30.02,0.04
1.11.17,0,7,,38,89,9,210,30.01,0.08
1.11.17,1,10,,38,89,11,210,30.02,T
1.11.17,2,10,,40,82,16,230,30.03,
1.11.17,3,10,,42,76,16,220,30.02,
1.11.17,4,10,,42,76,14,240,30.05,
1.11.17,5,10,,41,76,7,240,30.09,
1.11.17,6,10,,39,82,5,220,30.11,
1.11.17,7,10,,39,86,0,0,30.13,
1.11.17,8,10,,43,76,0,0,30.17,
1.11.17,9,10,,47,68,5,220,30.19,
1.11.17,10,10,,50,61,0,0,30.17,
1.11.17,11,10,,53,57,5,220,30.14,
1.11.17,12,10,,54,59,5,150,30.12,
1.11.17,13,10,,55,57,3,90,30.1,
1.11.17,14,10,,53,64,6,90,30.11,
1.11.17,15,10,,49,71,9,140,30.09,
1.11.17,16,10,,48,77,6,150,30.09,
1.11.17,17,10,,46,86,3,120,30.08,T
1.11.17,18,10,,45,93,0,0,30.07,0.01
1.11.17,19,6,,44,100,3,120,30.07,0.05
1.11.17,20,5,,44,100,5,140,30.06,0.04
1.11.17,21,9,,45,100,3,220,30.06,0.03
1.11.17,22,7,,45,100,0,0,30.05,T
1.11.17,23,10,,48,100,8,210,30.02,T
1.12.17,0,10,,51,96,10,220,29.99,0.01
1.12.17,1,10,,52,93,10,220,29.99,
1.12.17,2,10,,53,90,10,220,29.98,
1.12.17,3,10,,54,90,15,220,29.97,
1.12.17,4,10,,53,93,13,220,29.95,0.01
1.12.17,5,10,,54,90,11,210,29.95,0.01
1.12.17,6,10,,55,90,17,220,29.94,
1.12.17,7,10,,56,87,15,220,29.95,
1.12.17,8,10,,57,83,16,230,29.96,
1.12.17,9,10,,58,81,15,210,29.95,
1.12.17,10,10,,62,73,16,230,29.94,
1.12.17,11,10,,64,65,16,220,29.91,
1.12.17,12,10,,67,59,18,230,29.88,
1.12.17,13,10,,69,53,17,200,29.86,
1.12.17,14,10,,70,51,15,220,29.86,
1.12.17,15,10,,70,53,20,210,29.85,
1.12.17,16,10,,69,53,13,220,29.86,
1.12.17,17,10,,68,55,13,220,29.88,
1.12.17,18,10,,67,57,17,220,29.9,
1.12.17,19,10,,66,59,15,230,29.92,
1.12.17,20,10,,65,61,14,220,29.93,
1.12.17,21,10,,64,63,11,220,29.95,
1.12.17,22,10,,63,65,8,230,29.97,
1.12.17,23,10,,60,72,3,260,30,
1.13.17,0,10,,62,70,5,230,30,
1.13.17,1,10,,60,75,6,260,30.04,
1.13.17,2,10,,58,81,3,260,30.06,
1.13.17,3,10,,58,81,5,250,30.06,T
1.13.17,4,10,,55,90,6,270,30.1,T
1.13.17,5,10,,56,75,10,310,30.15,
1.13.17,6,10,,54,67,11,320,30.18,
1.13.17,7,10,,50,71,9,330,30.23,
1.13.17,8,10,,50,64,10,330,30.28,
1.13.17,9,10,,49,56,13,320,30.31,
1.13.17,10,10,,50,52,13,310,30.33,
1.13.17,11,10,,51,46,9,310,30.33,
1.13.17,12,10,,52,40,9,340,30.3,
1.13.17,13,10,,53,38,10,360,30.31,
1.13.17,14,10,,52,38,11,330,30.33,
1.13.17,15,10,,50,38,9,340,30.36,
1.13.17,16,10,,47,39,9,360,30.4,
1.13.17,17,10,,45,44,9,20,30.41,
1.13.17,18,10,,43,42,10,330,30.45,
1.13.17,19,10,,43,42,7,10,30.46,
1.13.17,20,10,,42,43,8,10,30.47,
1.13.17,21,10,,42,43,7,20,30.49,
1.13.17,22,10,,42,43,3,30,30.52,
1.13.17,23,10,,41,47,9,50,30.5,
1.14.17,0,10,,39,46,8,60,30.51,
1.14.17,1,10,,39,45,10,60,30.5,
1.14.17,2,10,,38,48,7,30,30.5,
1.14.17,3,10,,37,52,11,80,30.5,
1.14.17,4,10,,36,42,9,60,30.49,
1.14.17,5,10,,35,50,9,80,30.48,
1.14.17,6,10,,34,54,9,80,30.49,
1.14.17,7,10,,34,59,9,90,30.47,T
1.14.17,8,10,,33,64,8,100,30.49,T
1.14.17,9,10,,34,64,5,120,30.48,T
1.14.17,10,9,,34,64,6,130,30.45,T
1.14.17,11,5,,32,85,3,200,30.4,0.01
1.14.17,12,2.5,,32,96,5,140,30.37,0.02
1.14.17,13,2,,32,100,3,150,30.33,0.04
1.14.17,14,4,,32,100,5,90,30.3,0.02
1.14.17,15,6,,32,100,7,100,30.27,T
1.14.17,16,5,,32,100,7,100,30.26,T
1.14.17,17,5,,32,100,5,80,30.25,0.06
1.14.17,18,6,,32,100,5,90,30.23,0.06
1.14.17,19,6,,33,96,0,0,30.22,0.03
1.14.17,20,10,,33,100,0,0,30.21,0.02
1.14.17,21,5,,33,100,6,70,30.18,T
1.14.17,22,4,,33,100,0,0,30.18,T
1.14.17,23,3,,33,100,0,0,30.16,T
1.15.17,0,3,,33,100,3,310,30.15,
1.15.17,1,4,,34,100,0,0,30.13,
1.15.17,2,5,,33,100,3,320,30.14,
1.15.17,3,5,,33,100,5,310,30.15,
1.15.17,4,6,,34,100,0,0,30.16,
1.15.17,5,6,,33,100,0,0,30.17,
1.15.17,6,6,,33,100,0,0,30.19,
1.15.17,7,7,,34,92,3,10,30.22,
1.15.17,8,7,,34,96,3,VR,30.25,
1.15.17,9,7,,37,86,3,350,30.27,
1.15.17,10,10,,39,76,7,320,30.26,
1.15.17,11,10,,41,51,8,360,30.23,
1.15.17,12,10,,42,55,7,10,30.2,
1.15.17,13,10,,41,58,5,VR,30.19,
1.15.17,14,10,,42,55,0,0,30.19,
1.15.17,15,10,,43,51,3,VR,30.19,
1.15.17,16,10,,41,55,6,310,30.2,
1.15.17,17,10,,40,57,3,330,30.21,
1.15.17,18,10,,39,55,0,0,30.22,
1.15.17,19,10,,36,64,0,0,30.23,
1.15.17,20,10,,35,73,5,VR,30.24,
1.15.17,21,10,,36,73,5,100,30.25,
1.15.17,22,10,,36,70,6,80,30.25,
1.15.17,23,10,,35,67,5,40,30.26,
1.16.17,0,10,,34,62,6,60,30.26,
1.16.17,1,10,,32,75,0,0,30.28,
1.16.17,2,10,,32,75,0,0,30.28,
1.16.17,3,10,,34,67,5,70,30.28,
1.16.17,4,10,,34,73,5,80,30.28,
1.16.17,5,10,,34,73,6,70,30.28,
1.16.17,6,10,,34,73,3,70,30.29,
1.16.17,7,10,,34,73,5,50,30.3,
1.16.17,8,10,,34,73,3,110,30.31,
1.16.17,9,10,,35,73,3,120,30.31,
1.16.17,10,10,,37,67,3,120,30.3,
1.16.17,11,10,,39,62,0,0,30.28,
1.16.17,12,10,,40,62,5,110,30.24,
1.16.17,13,10,,41,62,6,80,30.21,
1.16.17,14,10,,42,60,7,120,30.2,
1.16.17,15,10,,42,63,3,130,30.21,
1.16.17,16,10,,41,65,5,130,30.2,
1.16.17,17,10,,40,68,5,140,30.19,
1.16.17,18,10,,40,68,0,0,30.18,T
1.16.17,19,10,,39,67,3,150,30.17,
1.16.17,20,10,,40,65,0,0,30.18,
1.16.17,21,10,,40,68,3,140,30.17,
1.16.17,22,10,,39,70,3,130,30.15,
1.16.17,23,10,,40,70,0,0,30.12,
1.17.17,0,10,,40,73,5,150,30.09,
1.17.17,1,9,,39,82,0,0,30.09,0.01
1.17.17,2,10,,38,96,3,160,30.08,T
1.17.17,3,8,,38,96,0,0,30.06,
1.17.17,4,8,,38,96,5,130,30.04,T
1.17.17,5,8,,39,96,3,70,30.04,T
1.17.17,6,6,,39,96,5,80,30.02,
1.17.17,7,6,,39,100,0,0,30.03,
1.17.17,8,5,,40,96,3,140,30.03,T
1.17.17,9,5,,41,96,3,190,30.03,T
1.17.17,10,2.5,,41,100,5,130,29.98,0.03
1.17.17,11,3,,43,100,6,120,29.92,0.01
1.17.17,12,3,,44,100,3,VR,29.9,T
1.17.17,13,2,,44,100,5,100,29.88,0.03
1.17.17,14,1.25,,44,100,6,130,29.85,T
1.17.17,15,1.75,,44,100,5,100,29.84,0.04
1.17.17,16,2,,44,100,5,100,29.81,0.04
1.17.17,17,3,,44,100,0,0,29.81,
1.17.17,18,2.5,,44,100,3,10,29.8,T
1.17.17,19,0.75,,44,100,0,0,29.79,T
1.17.17,20,0.25,,44,100,5,50,29.77,
1.17.17,21,0.25,,44,100,5,30,29.76,
1.17.17,22,0.25,,44,100,0,0,29.74,
1.17.17,23,0.25,,44,100,0,0,29.72,
1.18.17,0,0.25,,44,100,0,0,29.71,
1.18.17,1,0.25,,44,100,0,0,29.7,
1.18.17,2,0.25,,44,100,0,0,29.72,
1.18.17,3,0.25,,45,100,0,0,29.72,
1.18.17,4,0.25,,45,100,0,0,29.72,
1.18.17,5,0.12s,,43,100,0,0,29.73,
1.18.17,6,1.25,,43,100,0,0,29.73,
1.18.17,7,2,,41,100,5,170,29.73,
1.18.17,8,9,,49,93,10,310,29.75,
1.18.17,9,10,,50,90,11,300,29.77,T
1.18.17,10,10,,53,77,13,300,29.76,
1.18.17,11,10,,53,72,14,310,29.76,T
1.18.17,12,10,,55,67,9,310,29.76,T
1.18.17,13,10,,55,62,21,300,29.76,
1.18.17,14,10,,55,59,11,300,29.77,
1.18.17,15,10,,54,59,16,310,29.79,
1.18.17,16,10,,53,57,13,330,29.83,
1.18.17,17,10,,51,61,10,330,29.86,
1.18.17,18,10,,50,61,8,310,29.87,
1.18.17,19,10,,49,63,13,290,29.89,
1.18.17,20,10,,47,68,9,310,29.9,
1.18.17,21,10,,47,68,7,300,29.89,
1.18.17,22,10,,46,71,8,300,29.89,
1.18.17,23,10,,46,71,10,280,29.9,
1.19.17,0,10,,46,68,11,290,29.89,
1.19.17,1,10,,45,74,6,280,29.9,
1.19.17,2,10,,44,77,3,300,29.9,
1.19.17,3,10,,44,74,8,300,29.9,
1.19.17,4,10,,44,74,9,310,29.9,
1.19.17,5,10,,44,74,6,310,29.9,
1.19.17,6,10,,43,76,6,280,29.91,
1.19.17,7,10,,44,77,6,280,29.92,
1.19.17,8,10,,46,68,8,320,29.92,
1.19.17,9,10,,46,68,8,290,29.93,
1.19.17,10,10,,49,61,5,300,29.93,
1.19.17,11,10,,48,63,7,260,29.9,
1.19.17,12,10,,49,61,7,270,29.88,
1.19.17,13,10,,50,59,7,330,29.84,
1.19.17,14,10,,50,59,6,300,29.83,
1.19.17,15,10,,50,61,6,290,29.83,
1.19.17,16,10,,48,63,5,300,29.84,
1.19.17,17,10,,44,74,3,320,29.84,
1.19.17,18,10,,42,79,0,0,29.85,
1.19.17,19,10,,42,79,6,200,29.86,
1.19.17,20,10,,38,89,3,250,29.86,
1.19.17,21,10,,37,93,0,0,29.86,
1.19.17,22,10,,37,89,0,0,29.86,
1.19.17,23,10,,33,100,0,0,29.85,
1.20.17,0,10,,33,100,0,0,29.84,
1.20.17,1,10,,33,100,0,0,29.84,
1.20.17,2,10,,34,92,0,0,29.84,
1.20.17,3,8,,34,96,0,0,29.82,
1.20.17,4,8,,34,96,0,0,29.82,
1.20.17,5,6,,33,100,0,0,29.82,
1.20.17,6,5,,35,100,6,80,29.8,
1.20.17,7,5,,37,100,0,0,29.81,
1.20.17,8,4,,39,93,6,70,29.8,T
1.20.17,9,2.5,,39,100,6,100,29.81,0.02
1.20.17,10,3,,40,96,6,80,29.79,T
1.20.17,11,3,,41,100,8,90,29.76,
1.20.17,12,4,,43,93,5,120,29.74,T
1.20.17,13,6,,44,89,8,110,29.72,T
1.20.17,14,6,,44,93,9,120,29.72,T
1.20.17,15,6,,44,96,5,150,29.72,
1.20.17,16,6,,44,96,6,140,29.71,
1.20.17,17,7,,44,96,3,150,29.73,
1.20.17,18,7,,44,96,5,130,29.73,
1.20.17,19,7,,44,100,0,0,29.73,
1.20.17,20,5,,45,96,0,0,29.73,
1.20.17,21,2,,45,96,0,0,29.74,T
1.20.17,22,3,,44,100,0,0,29.74,T
1.20.17,23,2,,45,100,0,0,29.74,
1.21.17,0,1.75,,44,100,3,140,29.73,
1.21.17,1,1.75,,45,100,3,170,29.74,
1.21.17,2,0.75,,45,100,0,0,29.75,
1.21.17,3,0.75,,46,100,3,220,29.74,
1.21.17,4,0.5,,46,100,0,0,29.73,
1.21.17,5,0.75,,46,100,0,0,29.73,T
1.21.17,6,0.75,,46,100,0,0,29.74,T
1.21.17,7,0.75,,46,100,5,200,29.74,T
1.21.17,8,1,,46,100,0,0,29.73,T
1.21.17,9,0.75,,46,100,7,210,29.75,
1.21.17,10,2,,47,100,3,250,29.74,
1.21.17,11,4,,47,100,0,0,29.72,
1.21.17,12,5,,48,100,3,190,29.68,
1.21.17,13,5,,48,100,0,0,29.66,
1.21.17,14,6,,48,100,5,210,29.66,
1.21.17,15,1,,47,100,5,100,29.65,
1.21.17,16,0.25,,46,100,6,110,29.65,
1.21.17,17,1.5,,46,100,6,120,29.65,T
1.21.17,18,0.75,,46,100,3,100,29.65,T
1.21.17,19,1,,45,100,3,150,29.65,T
1.21.17,20,1.5,,45,100,3,190,29.65,T
1.21.17,21,2,,45,100,5,60,29.62,
1.21.17,22,0.75,,45,100,0,0,29.62,
1.21.17,23,0.75,,45,100,5,40,29.6,
1.22.17,0,0.25,,45,100,5,60,29.58,
1.22.17,1,0.25,,45,100,5,80,29.57,
1.22.17,2,0.25,,45,100,6,60,29.57,
1.22.17,3,0.25,,45,100,7,40,29.54,
1.22.17,4,0.25,,45,100,5,40,29.52,
1.22.17,5,0.25,,45,100,5,20,29.54,
1.22.17,6,0.75,,45,100,0,0,29.52,
1.22.17,7,0.75,,45,100,6,10,29.52,T
1.22.17,8,1,,46,100,7,320,29.54,
1.22.17,9,6,,46,100,6,10,29.57,
1.22.17,10,7,,48,96,0,0,29.55,
1.22.17,11,7,,49,96,0,0,29.52,
1.22.17,12,7,,50,96,6,VR,29.47,
1.22.17,13,7,,50,96,9,50,29.42,
1.22.17,14,7,,51,96,6,330,29.46,
1.22.17,15,1.5,,50,100,5,60,29.47,0.05
1.22.17,16,1.5,,50,100,7,90,29.47,T
1.22.17,17,8,,49,100,10,50,29.47,T
1.22.17,18,8,,49,100,10,50,29.47,T
1.22.17,19,6,,49,100,11,60,29.47,T
1.22.17,20,2.5,,49,100,13,70,29.47,0.01
1.22.17,21,2.5,,48,100,11,60,29.49,0.01
1.22.17,22,2,,48,100,15,60,29.49,T
1.22.17,23,2,,48,100,14,60,29.49,T
1.23.17,0,5,,47,100,17,60,29.47,0.01
1.23.17,1,3,,47,100,21,70,29.46,T
1.23.17,2,4,,46,100,20,70,29.46,T
1.23.17,3,4,,45,100,21,60,29.44,T
1.23.17,4,5,,45,100,25,60,29.41,T
1.23.17,5,5,,45,96,25,60,29.39,T
1.23.17,6,4,,44,100,28,60,29.39,T
1.23.17,7,3,,44,96,28,60,29.39,T
1.23.17,8,2,,44,96,22,60,29.39,0.02
1.23.17,9,4,,43,96,28,60,29.39,T
1.23.17,10,3,,42,93,32,70,29.34,0.05
1.23.17,11,2,,41,96,30,60,29.33,0.1
1.23.17,12,5,,41,96,24,60,29.28,0.02
1.23.17,13,2.5,,40,96,25,50,29.28,0.12
1.23.17,14,1.5,1,40,96,18,50,29.31,0.27
1.23.17,15,10,,40,93,17,40,29.34,0.01
1.23.17,16,10,,40,89,21,50,29.34,
1.23.17,17,10,,40,86,21,40,29.34,
1.23.17,18,10,,40,86,16,50,29.34,
1.23.17,19,10,,40,82,20,50,29.34,
1.23.17,20,10,,40,82,17,30,29.31,
1.23.17,21,10,,39,86,15,20,29.3,
1.23.17,22,10,,38,93,11,360,29.3,T
1.23.17,23,7,,38,93,9,10,29.28,T
1.24.17,0,9,,38,93,10,360,29.28,T
1.24.17,1,6,,37,100,9,330,29.28,T
1.24.17,2,8,,37,100,8,320,29.28,T
1.24.17,3,10,,38,96,10,320,29.28,T
1.24.17,4,10,,38,93,13,320,29.28,T
1.24.17,5,7,,37,96,11,300,29.3,T
1.24.17,6,5,,37,100,10,310,29.31,0.01
1.24.17,7,10,,38,93,11,310,29.31,T
1.24.17,8,10,,40,89,16,320,29.33,
1.24.17,9,10,,42,79,14,330,29.34,
1.24.17,10,10,,45,71,14,310,29.34,
1.24.17,11,10,,46,71,14,310,29.31,
1.24.17,12,10,,46,68,22,290,29.31,
1.24.17,13,10,,45,65,22,300,29.31,
1.24.17,14,10,,46,63,20,320,29.33,
1.24.17,15,10,,46,66,17,300,29.36,
1.24.17,16,10,,45,68,15,300,29.38,
1.24.17,17,10,,44,71,13,310,29.39,
1.24.17,18,10,,44,74,14,300,29.41,
1.24.17,19,10,,44,71,10,290,29.44,
1.24.17,20,10,,44,74,15,280,29.46,
1.24.17,21,10,,44,74,7,VR,29.47,
1.24.17,22,10,,43,76,14,290,29.47,
1.24.17,23,10,,44,77,13,290,29.47,
1.25.17,0,10,,44,74,10,290,29.49,
1.25.17,1,10,,43,73,6,300,29.49,
1.25.17,2,10,,41,76,6,260,29.5,
1.25.17,3,10,,41,79,5,VR,29.52,
1.25.17,4,10,,39,82,3,230,29.54,
1.25.17,5,10,,40,79,7,260,29.55,
1.25.17,6,10,,41,73,7,260,29.58,
1.25.17,7,10,,42,73,9,270,29.6,
1.25.17,8,10,,46,63,6,220,29.62,
1.25.17,9,10,,48,61,9,240,29.62,
1.25.17,10,10,,51,54,11,260,29.6,
1.25.17,11,10,,54,47,10,240,29.59,
1.25.17,12,10,,56,44,6,VR,29.55,
1.25.17,13,10,,58,36,9,260,29.54,
1.25.17,14,10,,60,34,6,220,29.52,
1.25.17,15,10,,60,34,5,VR,29.5,
1.25.17,16,10,,54,51,8,130,29.49,
1.25.17,17,10,,50,61,6,130,29.49,
1.25.17,18,10,,47,68,0,0,29.52,
1.25.17,19,10,,45,74,0,0,29.49,
1.25.17,20,10,,43,79,0,0,29.47,
1.25.17,21,10,,41,86,0,0,29.44,
1.25.17,22,10,,40,89,0,0,29.41,
1.25.17,23,10,,39,93,0,0,29.39,
1.26.17,0,10,,37,96,3,250,29.38,
1.26.17,1,10,,38,96,0,0,29.36,
1.26.17,2,10,,39,96,0,0,29.34,
1.26.17,3,10,,40,96,0,0,29.33,
1.26.17,4,10,,41,93,0,0,29.3,
1.26.17,5,10,,42,93,0,0,29.28,T
1.26.17,6,10,,43,93,0,0,29.28,
1.26.17,7,10,,46,83,0,0,29.31,
1.26.17,8,10,,47,83,0,0,29.31,
1.26.17,9,10,,51,74,0,0,29.31,
1.26.17,10,10,,55,55,13,290,29.31,
1.26.17,11,10,,54,45,21,270,29.31,
1.26.17,12,10,,55,37,32,290,29.31,
1.26.17,13,10,,54,35,31,300,29.33,
1.26.17,14,10,,51,41,30,290,29.36,
1.26.17,15,10,,47,46,20,280,29.41,
1.26.17,16,10,,46,44,26,290,29.44,
1.26.17,17,10,,45,47,24,260,29.49,
1.26.17,18,10,,45,51,17,260,29.52,
1.26.17,19,10,,44,53,18,270,29.54,
1.26.17,20,10,,44,53,9,260,29.57,
1.26.17,21,10,,43,53,13,270,29.59,
1.26.17,22,10,,42,55,13,260,29.6,
1.26.17,23,10,,41,60,8,250,29.6,
1.27.17,0,10,,41,60,8,250,29.6,
1.27.17,1,10,,41,55,10,250,29.62,
1.27.17,2,10,,41,55,10,260,29.62,
1.27.17,3,10,,41,55,10,260,29.62,
1.27.17,4,10,,41,55,11,260,29.62,
1.27.17,5,10,,40,55,15,280,29.62,
1.27.17,6,10,,39,51,16,280,29.65,
1.27.17,7,10,,39,46,16,280,29.65,
1.27.17,8,10,,38,46,20,280,29.66,
1.27.17,9,10,,39,45,15,260,29.66,
1.27.17,10,10,,41,40,18,280,29.65,
1.27.17,11,10,,42,38,13,250,29.62,
1.27.17,12,10,,41,38,13,260,29.59,
1.27.17,13,10,,41,40,16,260,29.57,
1.27.17,14,10,,40,43,20,260,29.57,
1.27.17,15,10,,40,43,23,270,29.58,
1.27.17,16,10,,38,46,18,270,29.6,
1.27.17,17,10,,37,46,13,270,29.62,
1.27.17,18,10,,36,50,15,270,29.62,
1.27.17,19,10,,35,54,9,250,29.62,
1.27.17,20,10,,36,50,10,260,29.62,
1.27.17,21,10,,36,52,11,260,29.63,
1.27.17,22,10,,36,52,18,270,29.63,
1.27.17,23,10,,35,50,16,260,29.62,
1.28.17,0,10,,34,50,9,260,29.62,
1.28.17,1,10,,35,48,8,260,29.62,
1.28.17,2,10,,35,52,10,260,29.6,
1.28.17,3,10,,35,54,7,240,29.6,
1.28.17,4,10,,35,54,7,220,29.6,
1.28.17,5,10,,34,57,7,220,29.6,
1.28.17,6,10,,35,54,7,220,29.62,
1.28.17,7,10,,35,52,9,200,29.62,
1.28.17,8,10,,35,52,9,220,29.62,
1.28.17,9,10,,35,52,7,210,29.63,
1.28.17,10,10,,36,52,6,220,29.65,
1.28.17,11,10,,39,51,11,250,29.6,
1.28.17,12,10,,40,47,14,240,29.58,
1.28.17,13,10,,42,45,10,250,29.57,
1.28.17,14,10,,45,40,11,230,29.55,
1.28.17,15,10,,46,37,9,260,29.54,
1.28.17,16,10,,45,37,6,220,29.54,
1.28.17,17,10,,40,45,5,200,29.57,
1.28.17,18,10,,36,55,0,0,29.58,
1.28.17,19,10,,34,59,9,310,29.59,
1.28.17,20,10,,36,55,7,270,29.62,
1.28.17,21,10,,34,57,0,0,29.6,
1.28.17,22,10,,31,66,5,180,29.59,
1.28.17,23,10,,29,72,0,0,29.59,
1.29.17,0,10,,30,72,0,0,29.57,
1.29.17,1,10,,30,75,0,0,29.57,
1.29.17,2,10,,33,64,3,200,29.57,
1.29.17,3,10,,30,75,3,310,29.57,
1.29.17,4,10,,30,75,3,220,29.57,
1.29.17,5,10,,27,81,3,220,29.58,
1.29.17,6,10,,27,81,6,230,29.58,
1.29.17,7,10,,32,75,3,230,29.6,
1.29.17,8,10,,36,64,3,250,29.62,
1.29.17,9,10,,38,57,9,280,29.63,
1.29.17,10,10,,41,49,14,270,29.63,
1.29.17,11,10,,42,43,15,270,29.6,
1.29.17,12,10,,42,41,14,270,29.58,
1.29.17,13,10,,43,38,10,250,29.57,
1.29.17,14,10,,42,40,15,270,29.55,
1.29.17,15,10,,42,43,7,280,29.57,
1.29.17,16,10,,40,47,5,280,29.57,
1.29.17,17,10,,39,48,0,0,29.58,
1.29.17,18,10,,40,49,0,0,29.59,
1.29.17,19,10,,38,55,0,0,29.59,
1.29.17,20,10,,39,60,6,350,29.59,
1.29.17,21,10,,38,62,3,VR,29.58,
1.29.17,22,10,,36,73,6,330,29.59,
1.29.17,23,7,,34,82,6,360,29.59,T
1.30.17,0,10,,34,85,0,0,29.57,T
1.30.17,1,10,,35,79,0,0,29.57,
1.30.17,2,10,,34,79,6,320,29.57,
1.30.17,3,7,,33,70,6,320,29.59,T
1.30.17,4,9,,33,70,7,320,29.6,T
1.30.17,5,10,,33,64,7,VR,29.6,
1.30.17,6,10,,32,64,3,310,29.62,
1.30.17,7,10,,32,64,5,310,29.65,
1.30.17,8,10,,34,59,7,290,29.67,
1.30.17,9,10,,36,55,9,280,29.69,
1.30.17,10,10,,35,57,15,280,29.7,
1.30.17,11,3,,33,75,9,270,29.7,T
1.30.17,12,9,,36,59,11,300,29.68,T
1.30.17,13,1,,30,92,10,300,29.7,T
1.30.17,14,10,,35,57,15,250,29.7,T
1.30.17,15,10,,35,48,17,270,29.72,
1.30.17,16,10,,34,44,18,280,29.75,
1.30.17,17,10,,33,44,13,300,29.78,
1.30.17,18,10,,30,51,8,270,29.82,
1.30.17,19,10,,30,47,9,280,29.86,
1.30.17,20,10,,30,47,11,270,29.87,
1.30.17,21,10,,29,51,6,250,29.87,
1.30.17,22,10,,27,58,3,170,29.86,
1.30.17,23,10,,25,63,5,140,29.82,
1.31.17,0,10,,26,63,7,170,29.85,
1.31.17,1,10,,26,66,0,0,29.88,
1.31.17,2,10,,27,69,0,0,29.86,
1.31.17,3,10,,28,58,5,160,29.82,
1.31.17,4,10,,29,58,6,150,29.79,
1.31.17,5,10,,30,56,3,130,29.76,
1.31.17,6,9,,30,61,0,0,29.76,T
1.31.17,7,10,,32,61,10,150,29.69,T
1.31.17,8,10,,34,64,6,140,29.68,
1.31.17,9,10,,36,62,8,160,29.65,
1.31.17,10,10,,39,53,7,180,29.62,
1.31.17,11,10,,45,40,13,220,29.57,
1.31.17,12,10,,44,42,9,210,29.54,
1.31.17,13,10,,48,39,8,240,29.54,
1.31.17,14,10,,50,38,5,240,29.54,
1.31.17,15,10,,52,37,10,270,29.55,
1.31.17,16,10,,50,41,7,300,29.58,
1.31.17,17,10,,43,53,0,0,29.62,
1.31.17,18,10,,43,53,0,0,29.65,
1.31.17,19,10,,42,58,5,320,29.66,
1.31.17,20,10,,36,70,3,280,29.67,
1.31.17,21,10,,35,73,0,0,29.69,
1.31.17,22,10,,35,76,3,290,29.71,
1.31.17,23,10,,32,82,6,200,29.73,
2.1.17,0,10,,33,82,5,260,29.74,
2.1.17,1,10,,32,82,6,250,29.74,
2.1.17,2,10,,34,79,7,270,29.77,
2.1.17,3,10,,39,67,8,260,29.78,
2.1.17,4,10,,38,70,9,270,29.79,
2.1.17,5,10,,39,65,5,260,29.79,
2.1.17,6,10,,37,70,6,260,29.81,
2.1.17,7,10,,39,65,5,270,29.82,
2.1.17,8,10,,44,56,9,280,29.83,
2.1.17,9,10,,47,48,16,280,29.83,
2.1.17,10,10,,46,50,8,250,29.83,
2.1.17,11,10,,46,50,8,250,29.81,
2.1.17,12,10,,46,50,7,240,29.8,
2.1.17,13,10,,46,52,7,220,29.79,
2.1.17,14,10,,46,52,7,230,29.79,
2.1.17,15,10,,48,50,7,250,29.8,
2.1.17,16,10,,48,52,6,280,29.83,
2.1.17,17,10,,48,52,7,310,29.87,
2.1.17,18,10,,47,56,9,290,29.88,
2.1.17,19,10,,45,56,9,300,29.89,
2.1.17,20,10,,44,56,6,290,29.91,
2.1.17,21,10,,43,58,6,310,29.9,
2.1.17,22,10,,43,58,6,320,29.89,
2.1.17,23,10,,43,58,3,VR,29.89,
2.2.17,0,10,,41,62,0,0,29.9,
2.2.17,1,10,,40,68,3,270,29.92,
2.2.17,2,10,,41,65,3,250,29.93,
2.2.17,3,10,,39,70,3,210,29.93,
2.2.17,4,10,,40,68,3,210,29.93,
2.2.17,5,10,,38,73,3,220,29.93,
2.2.17,6,10,,36,76,5,220,29.94,
2.2.17,7,10,,35,79,3,280,29.95,
2.2.17,8,10,,42,63,5,240,29.95,
2.2.17,9,10,,45,49,10,280,29.95,
2.2.17,10,10,,45,46,13,280,29.97,
2.2.17,11,10,,45,44,16,280,29.94,
2.2.17,12,10,,44,45,15,280,29.92,
2.2.17,13,10,,44,45,8,300,29.92,
2.2.17,14,10,,49,29,20,270,29.92,
2.2.17,15,10,,46,33,16,300,29.95,
2.2.17,16,10,,44,32,11,290,29.97,
2.2.17,17,10,,41,36,14,300,30,
2.2.17,18,10,,39,38,8,320,30.03,
2.2.17,19,10,,38,39,11,310,30.05,
2.2.17,20,10,,36,46,10,320,30.07,
2.2.17,21,10,,36,42,9,310,30.07,
2.2.17,22,10,,34,42,6,320,30.08,
2.2.17,23,10,,34,38,9,320,30.08,
2.3.17,0,10,,33,38,8,310,30.06,
2.3.17,1,10,,32,40,5,300,30.07,
2.3.17,2,10,,31,43,5,270,30.08,
2.3.17,3,10,,31,47,6,290,30.08,
2.3.17,4,10,,31,47,0,0,30.08,
2.3.17,5,10,,31,43,0,0,30.1,
2.3.17,6,10,,30,47,3,320,30.11,
2.3.17,7,10,,31,45,3,300,30.12,
2.3.17,8,10,,32,43,3,VR,30.12,
2.3.17,9,10,,33,42,7,320,30.11,
2.3.17,10,10,,34,40,9,250,30.1,
2.3.17,11,10,,34,37,10,270,30.06,
2.3.17,12,10,,36,34,13,310,30.03,
2.3.17,13,10,,36,31,16,290,29.99,
2.3.17,14,10,,35,35,14,300,29.99,
2.3.17,15,10,,35,34,11,300,29.99,
2.3.17,16,10,,34,35,13,310,30.01,
2.3.17,17,10,,33,38,10,290,30.03,
2.3.17,18,10,,32,42,8,290,30.05,
2.3.17,19,10,,32,42,15,290,30.07,
2.3.17,20,10,,31,40,20,300,30.1,
2.3.17,21,10,,29,45,14,320,30.12,
2.3.17,22,10,,28,43,15,320,30.14,
2.3.17,23,10,,27,51,10,310,30.16,
2.4.17,0,10,,26,44,13,300,30.18,
2.4.17,1,10,,25,46,8,290,30.19,
2.4.17,2,10,,25,48,7,320,30.21,
2.4.17,3,10,,24,50,7,310,30.22,
2.4.17,4,10,,23,50,5,320,30.24,
2.4.17,5,10,,20,65,3,280,30.26,
2.4.17,6,10,,20,60,3,280,30.29,
2.4.17,7,10,,21,68,3,270,30.31,
2.4.17,8,10,,26,51,8,290,30.33,
2.4.17,9,10,,29,43,11,270,30.33,
2.4.17,10,10,,32,35,11,280,30.32,
2.4.17,11,10,,33,29,11,310,30.29,
2.4.17,12,10,,35,27,11,250,30.25,
2.4.17,13,10,,36,26,11,280,30.22,
2.4.17,14,10,,38,24,11,300,30.2,
2.4.17,15,10,,37,25,9,280,30.2,
2.4.17,16,10,,35,26,9,250,30.19,
2.4.17,17,10,,34,27,0,0,30.2,
2.4.17,18,10,,34,27,3,180,30.16,
2.4.17,19,10,,33,28,0,0,30.16,
2.4.17,20,10,,29,36,0,0,30.16,
2.4.17,21,10,,30,36,3,180,30.14,
2.4.17,22,10,,30,38,0,0,30.11,
2.4.17,23,10,,30,41,0,0,30.1,
2.5.17,0,10,,29,45,0,0,30.07,
2.5.17,1,10,,30,45,3,VR,30.04,
2.5.17,2,10,,29,49,0,0,30.01,
2.5.17,3,10,,29,49,6,VR,29.98,
2.5.17,4,10,,29,49,3,210,29.96,
2.5.17,5,10,,31,49,7,210,29.94,
2.5.17,6,10,,32,47,8,220,29.92,
2.5.17,7,10,,33,48,7,220,29.91,
2.5.17,8,10,,35,44,9,220,29.89,
2.5.17,9,10,,37,41,11,230,29.86,
2.5.17,10,10,,41,35,9,230,29.84,
2.5.17,11,10,,44,31,13,240,29.81,
2.5.17,12,10,,44,31,7,220,29.77,
2.5.17,13,10,,46,30,8,240,29.74,
2.5.17,14,10,,48,30,6,250,29.72,
2.5.17,15,10,,50,35,10,270,29.73,
2.5.17,16,10,,49,38,6,260,29.74,
2.5.17,17,10,,44,45,0,0,29.77,
2.5.17,18,10,,39,55,3,190,29.79,
2.5.17,19,10,,37,59,3,170,29.8,
2.5.17,20,10,,37,62,5,220,29.8,
2.5.17,21,10,,37,65,3,220,29.82,
2.5.17,22,10,,38,65,5,230,29.83,
2.5.17,23,10,,37,70,3,240,29.84,
2.6.17,0,10,,34,76,0,0,29.85,
2.6.17,1,10,,32,79,0,0,29.86,
2.6.17,2,10,,31,82,5,270,29.88,
2.6.17,3,10,,30,85,0,0,29.89,
2.6.17,4,10,,30,89,0,0,29.9,
2.6.17,5,10,,29,85,3,280,29.92,
2.6.17,6,10,,27,92,6,300,29.94,
2.6.17,7,10,,34,79,3,290,29.97,
2.6.17,8,10,,45,56,3,VR,29.98,
2.6.17,9,10,,48,48,0,0,29.98,
2.6.17,10,10,,51,43,5,220,29.98,
2.6.17,11,10,,55,39,7,240,29.98,
2.6.17,12,10,,57,37,10,230,29.94,
2.6.17,13,10,,58,35,9,220,29.91,
2.6.17,14,10,,60,34,7,240,29.89,
2.6.17,15,10,,57,39,9,130,29.88,
2.6.17,16,10,,54,43,8,130,29.88,
2.6.17,17,10,,50,52,7,140,29.89,
2.6.17,18,10,,47,58,6,160,29.89,
2.6.17,19,10,,45,63,0,0,29.87,
2.6.17,20,10,,41,73,0,0,29.85,
2.6.17,21,10,,39,76,0,0,29.83,
2.6.17,22,10,,40,76,0,0,29.82,
2.6.17,23,10,,38,82,0,0,29.8,
2.7.17,0,10,,38,82,0,0,29.77,
2.7.17,1,10,,39,89,0,0,29.75,T
2.7.17,2,10,,40,86,3,330,29.74,
2.7.17,3,10,,41,82,0,0,29.71,
2.7.17,4,10,,41,82,0,0,29.7,
2.7.17,5,10,,40,86,0,0,29.69,
2.7.17,6,10,,50,61,3,200,29.68,
2.7.17,7,10,,47,77,0,0,29.68,T
2.7.17,8,10,,51,66,3,50,29.68,
2.7.17,9,10,,55,59,0,0,29.68,
2.7.17,10,10,,63,50,10,230,29.66,
2.7.17,11,10,,65,50,14,210,29.62,
2.7.17,12,10,,68,47,8,210,29.57,
2.7.17,13,10,,69,49,13,200,29.54,
2.7.17,14,10,,70,51,11,210,29.52,
2.7.17,15,10,,72,48,16,210,29.49,
2.7.17,16,10,,71,48,9,200,29.47,
2.7.17,17,10,,70,47,11,200,29.47,
2.7.17,18,10,,69,51,14,190,29.46,
2.7.17,19,10,,68,55,13,190,29.44,
2.7.17,20,10,,67,61,14,210,29.44,
2.7.17,21,10,,66,63,16,200,29.44,
2.7.17,22,10,,65,68,14,210,29.41,
2.7.17,23,10,,65,68,14,210,29.41,
2.8.17,0,10,,65,68,11,210,29.39,
2.8.17,1,10,,65,68,14,220,29.39,
2.8.17,2,10,,64,70,10,220,29.39,
2.8.17,3,10,,63,70,11,220,29.41,
2.8.17,4,10,,62,73,7,220,29.41,
2.8.17,5,10,,58,81,0,0,29.42,
2.8.17,6,10,,56,83,3,200,29.44,
2.8.17,7,10,,56,83,5,230,29.44,
2.8.17,8,10,,59,81,3,270,29.49,
2.8.17,9,10,,66,57,9,250,29.49,
2.8.17,10,10,,68,47,15,280,29.52,
2.8.17,11,10,,69,44,11,300,29.5,
2.8.17,12,10,,70,41,9,250,29.47,
2.8.17,13,10,,69,41,11,290,29.47,
2.8.17,14,10,,67,42,11,320,29.49,
2.8.17,15,10,,66,43,10,310,29.49,
2.8.17,16,10,,62,50,5,330,29.49,
2.8.17,17,10,,60,48,6,330,29.5,
2.8.17,18,10,,58,49,9,40,29.52,
2.8.17,19,10,,55,59,6,30,29.52,
2.8.17,20,10,,53,62,7,60,29.5,
2.8.17,21,10,,52,61,9,60,29.47,
2.8.17,22,10,,51,64,10,70,29.47,
2.8.17,23,10,,51,66,8,50,29.44,T
2.9.17,0,10,,49,77,7,30,29.39,0.01
2.9.17,1,10,,47,86,7,60,29.36,T
2.9.17,2,9,,47,86,9,70,29.33,0.01
2.9.17,3,4,,45,100,11,310,29.31,0.1
2.9.17,4,7,,39,96,14,350,29.33,0.07
2.9.17,5,8,,35,96,15,340,29.39,0.04
2.9.17,6,2.5,,34,96,14,340,29.42,0.01
2.9.17,7,9,,33,85,15,330,29.49,T
2.9.17,8,10,,32,79,20,340,29.54,T
2.9.17,9,10,,34,73,17,330,29.57,T
2.9.17,10,10,,33,75,17,330,29.58,T
2.9.17,11,10,,32,59,25,300,29.62,T
2.9.17,12,10,,33,50,29,280,29.63,T
2.9.17,13,10,,33,46,25,300,29.65,T
2.9.17,14,10,,34,46,17,320,29.68,
2.9.17,15,10,,33,40,23,310,29.7,
2.9.17,16,10,,31,47,20,300,29.74,
2.9.17,17,10,,28,49,23,300,29.8,T
2.9.17,18,10,,27,41,23,300,29.86,
2.9.17,19,10,,26,40,17,300,29.91,
2.9.17,20,10,,25,40,9,300,29.95,
2.9.17,21,10,,25,42,20,290,29.99,
2.9.17,22,10,,25,48,11,310,30.03,
2.9.17,23,10,,24,55,13,300,30.05,
2.10.17,0,10,,24,48,18,290,30.08,
2.10.17,1,10,,22,50,14,280,30.1,
2.10.17,2,10,,22,50,13,280,30.11,
2.10.17,3,10,,20,57,7,250,30.13,
2.10.17,4,10,,21,55,9,280,30.16,
2.10.17,5,10,,21,55,9,280,30.17,
2.10.17,6,10,,22,52,8,270,30.2,
2.10.17,7,10,,23,52,11,270,30.22,
2.10.17,8,10,,26,48,11,250,30.22,
2.10.17,9,10,,27,47,16,250,30.22,
2.10.17,10,10,,30,41,18,260,30.23,
2.10.17,11,10,,33,33,11,250,30.19,
2.10.17,12,10,,35,31,9,240,30.15,
2.10.17,13,10,,36,30,13,260,30.11,
2.10.17,14,10,,35,29,10,240,30.11,
2.10.17,15,10,,35,31,9,240,30.09,
2.10.17,16,10,,35,32,6,210,30.06,
2.10.17,17,10,,35,35,3,140,30.02,
2.10.17,18,10,,35,34,3,150,30.01,
2.10.17,19,10,,34,37,7,180,29.98,
2.10.17,20,10,,35,35,7,210,29.97,
2.10.17,21,10,,35,35,6,210,29.93,
2.10.17,22,10,,35,37,0,0,29.9,
2.10.17,23,10,,35,39,5,200,29.87,
2.11.17,0,10,,35,39,3,180,29.83,
2.11.17,1,10,,35,40,3,220,29.81,
2.11.17,2,10,,33,48,3,240,29.8,
2.11.17,3,10,,32,52,6,VR,29.78,
2.11.17,4,10,,33,52,5,240,29.79,
2.11.17,5,10,,29,72,0,0,29.78,
2.11.17,6,10,,31,69,3,200,29.77,
2.11.17,7,10,,38,53,3,200,29.77,
2.11.17,8,10,,41,51,5,230,29.79,
2.11.17,9,10,,47,42,8,230,29.8,
2.11.17,10,10,,51,39,7,VR,29.8,
2.11.17,11,10,,51,39,8,230,29.78,
2.11.17,12,10,,53,38,6,220,29.75,
2.11.17,13,10,,52,40,6,210,29.75,
2.11.17,14,10,,52,41,3,210,29.74,
2.11.17,15,10,,52,43,6,210,29.76,
2.11.17,16,10,,51,45,6,220,29.77,
2.11.17,17,10,,50,46,0,0,29.79,
2.11.17,18,10,,50,48,5,220,29.8,
2.11.17,19,10,,47,56,0,0,29.82,
2.11.17,20,10,,47,61,3,230,29.83,
2.11.17,21,10,,46,66,0,0,29.83,
2.11.17,22,10,,46,63,3,90,29.83,
2.11.17,23,10,,46,63,6,110,29.84,
2.12.17,0,10,,45,65,5,60,29.83,
2.12.17,1,10,,46,66,7,50,29.83,
2.12.17,2,10,,46,63,8,60,29.82,
2.12.17,3,10,,45,68,11,70,29.81,
2.12.17,4,10,,45,68,7,80,29.82,
2.12.17,5,10,,44,71,9,80,29.78,
2.12.17,6,10,,45,71,14,80,29.75,
2.12.17,7,10,,45,71,14,100,29.72,
2.12.17,8,8,,44,80,9,80,29.71,0.01
2.12.17,9,4,,43,100,11,90,29.67,0.12
2.12.17,10,3,,44,100,11,80,29.62,0.04
2.12.17,11,1.5,,44,100,9,360,29.62,0.04
2.12.17,12,4,,44,100,7,40,29.57,0.01
2.12.17,13,4,,44,100,8,20,29.54,T
2.12.17,14,4,,46,100,5,50,29.52,
2.12.17,15,4,,46,100,0,0,29.52,
2.12.17,16,7,,46,100,7,330,29.55,T
2.12.17,17,9,,46,96,6,310,29.57,
2.12.17,18,10,,45,93,14,310,29.58,
2.12.17,19,10,,44,93,7,270,29.6,
2.12.17,20,10,,42,93,8,270,29.59,
2.12.17,21,10,,49,63,8,250,29.57,
2.12.17,22,10,,49,63,15,260,29.54,
2.12.17,23,10,,44,58,21,300,29.65,T
2.13.17,0,10,,42,49,21,290,29.66,
2.13.17,1,10,,40,51,28,290,29.7,
2.13.17,2,10,,37,65,17,310,29.72,
2.13.17,3,10,,37,59,25,290,29.72,
2.13.17,4,10,,36,57,24,300,29.77,
2.13.17,5,10,,36,50,22,290,29.79,
2.13.17,6,10,,36,48,21,290,29.8,
2.13.17,7,10,,37,48,26,300,29.82,
2.13.17,8,10,,37,44,23,300,29.84,
2.13.17,9,10,,38,41,28,290,29.84,
2.13.17,10,10,,39,41,23,310,29.83,
2.13.17,11,10,,41,38,24,320,29.83,
2.13.17,12,10,,42,38,26,300,29.83,
2.13.17,13,10,,43,40,24,310,29.82,
2.13.17,14,10,,43,40,21,310,29.83,
2.13.17,15,10,,42,41,21,300,29.83,
2.13.17,16,10,,41,41,16,300,29.85,
2.13.17,17,10,,39,45,16,310,29.88,
2.13.17,18,10,,37,48,10,300,29.91,
2.13.17,19,10,,36,50,7,330,29.91,
2.13.17,20,10,,35,52,7,330,29.91,
2.13.17,21,10,,32,59,6,310,29.92,
2.13.17,22,10,,32,56,0,0,29.91,
2.13.17,23,10,,27,72,0,0,29.91,
2.14.17,0,10,,27,72,0,0,29.89,
2.14.17,1,10,,27,75,0,0,29.88,
2.14.17,2,10,,26,78,5,270,29.86,
2.14.17,3,10,,26,78,5,260,29.85,
2.14.17,4,10,,27,75,0,0,29.85,
2.14.17,5,10,,28,78,0,0,29.85,
2.14.17,6,10,,30,72,3,210,29.85,
2.14.17,7,10,,30,75,0,0,29.86,
2.14.17,8,10,,33,72,5,170,29.84,
2.14.17,9,10,,36,64,7,220,29.82,
2.14.17,10,10,,38,60,6,220,29.81,
2.14.17,11,10,,41,53,7,220,29.76,
2.14.17,12,10,,42,63,10,230,29.74,
2.14.17,13,10,,43,63,10,210,29.69,
2.14.17,14,10,,45,63,7,210,29.67,
2.14.17,15,10,,45,51,10,220,29.65,
2.14.17,16,10,,44,51,6,200,29.65,
2.14.17,17,10,,40,62,3,170,29.65,
2.14.17,18,10,,38,70,3,130,29.62,
2.14.17,19,10,,35,76,0,0,29.62,
2.14.17,20,10,,33,82,6,170,29.59,
2.14.17,21,10,,36,62,0,0,29.58,
2.14.17,22,10,,33,75,0,0,29.57,
2.14.17,23,10,,30,78,0,0,29.54,
2.15.17,0,10,,32,75,0,0,29.52,
2.15.17,1,10,,30,82,0,0,29.49,
2.15.17,2,10,,30,85,0,0,29.47,
2.15.17,3,10,,30,85,0,0,29.47,
2.15.17,4,10,,31,82,0,0,29.42,
2.15.17,5,10,,30,85,0,0,29.39,
2.15.17,6,10,,30,92,0,0,29.38,
2.15.17,7,10,,32,85,3,240,29.36,
2.15.17,8,10,,36,79,0,0,29.34,
2.15.17,9,10,,39,70,3,230,29.33,
2.15.17,10,10,,45,58,6,250,29.3,
2.15.17,11,10,,52,43,11,280,29.27,
2.15.17,12,10,,52,40,14,280,29.25,T
2.15.17,13,10,,48,52,25,300,29.28,T
2.15.17,14,10,,46,37,20,300,29.3,
2.15.17,15,10,,45,34,33,310,29.33,
2.15.17,16,10,,42,36,22,310,29.36,
2.15.17,17,10,,40,41,23,290,29.38,
2.15.17,18,10,,38,48,21,290,29.41,
2.15.17,19,10,,38,48,13,310,29.44,
2.15.17,20,10,,36,52,10,270,29.47,
2.15.17,21,10,,38,48,11,290,29.47,
2.15.17,22,10,,36,52,14,280,29.47,
2.15.17,23,10,,35,54,15,280,29.47,
2.16.17,0,10,,34,57,8,290,29.47,
2.16.17,1,10,,34,64,17,280,29.47,
2.16.17,2,10,,32,64,15,280,29.47,
2.16.17,3,10,,31,61,11,280,29.47,
2.16.17,4,10,,31,59,11,290,29.49,
2.16.17,5,10,,31,51,15,300,29.52,
2.16.17,6,10,,32,49,16,290,29.54,
2.16.17,7,10,,32,52,14,300,29.57,
2.16.17,8,10,,34,52,11,280,29.58,
2.16.17,9,10,,36,48,17,300,29.58,
2.16.17,10,10,,36,50,22,270,29.59,T
2.16.17,11,9,,36,48,20,290,29.59,T
2.16.17,12,10,,38,37,21,300,29.58,T
2.16.17,13,10,,37,41,24,300,29.59,
2.16.17,14,10,,37,39,17,290,29.6,
2.16.17,15,10,,36,40,24,290,29.62,
2.16.17,16,10,,36,42,24,280,29.65,
2.16.17,17,10,,34,46,18,290,29.67,
2.16.17,18,10,,32,52,10,300,29.7,
2.16.17,19,10,,31,54,9,300,29.71,
2.16.17,20,10,,28,61,7,290,29.72,
2.16.17,21,10,,27,63,6,270,29.73,
2.16.17,22,10,,28,63,8,290,29.75,
2.16.17,23,10,,25,69,5,260,29.75,
2.17.17,0,10,,25,69,5,260,29.77,
2.17.17,1,10,,25,72,9,280,29.77,
2.17.17,2,10,,25,69,7,290,29.77,
2.17.17,3,10,,24,71,5,290,29.77,
2.17.17,4,10,,23,74,0,0,29.77,
2.17.17,5,10,,22,78,0,0,29.79,
2.17.17,6,10,,20,84,3,230,29.79,
2.17.17,7,10,,26,75,5,240,29.8,
2.17.17,8,10,,31,61,8,270,29.8,
2.17.17,9,10,,36,48,9,280,29.8,
2.17.17,10,10,,38,44,10,280,29.79,
2.17.17,11,10,,41,40,7,290,29.78,
2.17.17,12,10,,43,37,8,290,29.74,
2.17.17,13,10,,46,31,6,VR,29.71,
2.17.17,14,10,,49,29,8,290,29.69,
2.17.17,15,10,,50,28,9,310,29.7,
2.17.17,16,10,,51,28,0,0,29.7,
2.17.17,17,10,,43,45,7,120,29.71,
2.17.17,18,10,,39,53,8,90,29.72,
2.17.17,19,10,,37,55,0,0,29.74,
2.17.17,20,10,,34,62,0,0,29.75,
2.17.17,21,10,,33,67,0,0,29.76,
2.17.17,22,10,,31,72,0,0,29.75,
2.17.17,23,10,,30,75,0,0,29.73,
2.18.17,0,10,,30,75,0,0,29.73,
2.18.17,1,10,,28,82,0,0,29.73,
2.18.17,2,10,,29,78,0,0,29.72,
2.18.17,3,10,,29,82,0,0,29.71,
2.18.17,4,10,,28,82,3,230,29.71,
2.18.17,5,10,,29,82,0,0,29.68,
2.18.17,6,10,,27,88,3,230,29.71,
2.18.17,7,10,,35,76,9,250,29.73,
2.18.17,8,10,,43,60,6,260,29.72,
2.18.17,9,10,,52,43,7,VR,29.69,
2.18.17,10,10,,61,32,8,260,29.68,
2.18.17,11,10,,67,27,11,240,29.65,
2.18.17,12,10,,68,25,10,260,29.62,
2.18.17,13,10,,69,24,11,220,29.58,
2.18.17,14,10,,70,23,7,220,29.57,
2.18.17,15,10,,69,22,14,220,29.57,
2.18.17,16,10,,67,25,8,220,29.57,
2.18.17,17,10,,64,29,6,210,29.57,
2.18.17,18,10,,61,34,5,240,29.58,
2.18.17,19,10,,55,42,3,240,29.59,
2.18.17,20,10,,52,49,3,220,29.58,
2.18.17,21,10,,58,39,6,240,29.59,
2.18.17,22,10,,59,36,5,230,29.6,
2.18.17,23,10,,57,40,6,320,29.58,
2.19.17,0,10,,57,40,6,260,29.62,
2.19.17,1,10,,59,39,6,270,29.62,
2.19.17,2,10,,56,44,5,260,29.62,
2.19.17,3,10,,54,55,7,280,29.62,T
2.19.17,4,10,,57,51,8,270,29.63,T
2.19.17,5,10,,58,51,9,280,29.65,
2.19.17,6,10,,56,60,7,260,29.66,T
2.19.17,7,10,,57,60,6,270,29.69,T
2.19.17,8,10,,59,56,8,290,29.71,
2.19.17,9,10,,61,52,10,300,29.72,
2.19.17,10,10,,65,47,13,290,29.72,
2.19.17,11,10,,68,42,15,280,29.72,
2.19.17,12,10,,69,39,14,280,29.71,
2.19.17,13,10,,69,38,11,260,29.71,
2.19.17,14,10,,70,36,10,310,29.71,
2.19.17,15,10,,69,35,11,290,29.73,
2.19.17,16,10,,67,36,13,300,29.74,
2.19.17,17,10,,64,42,13,290,29.76,
2.19.17,18,10,,59,50,7,260,29.78,
2.19.17,19,10,,57,57,9,260,29.79,
2.19.17,20,10,,54,62,8,270,29.82,
2.19.17,21,10,,53,64,9,280,29.84,
2.19.17,22,10,,51,69,8,270,29.85,
2.19.17,23,10,,50,74,8,270,29.86,
2.20.17,0,10,,48,80,8,260,29.87,
2.20.17,1,10,,46,83,6,260,29.88,
2.20.17,2,10,,45,83,6,260,29.9,
2.20.17,3,10,,47,77,7,260,29.93,
2.20.17,4,10,,44,83,0,0,29.95,
2.20.17,5,10,,41,86,0,0,29.97,
2.20.17,6,10,,39,93,3,240,30,
2.20.17,7,10,,46,83,0,0,30.03,
2.20.17,8,10,,55,55,5,340,30.06,
2.20.17,9,10,,58,44,6,310,30.06,
2.20.17,10,10,,60,36,8,30,30.06,
2.20.17,11,10,,61,34,8,330,30.06,
2.20.17,12,10,,62,29,5,VR,30.03,
2.20.17,13,10,,63,27,14,350,30.01,
2.20.17,14,10,,63,28,9,360,30.02,
2.20.17,15,10,,62,29,7,360,30.02,
2.20.17,16,10,,61,30,8,20,30.05,
2.20.17,17,10,,57,33,6,VR,30.06,
2.20.17,18,10,,54,35,3,30,30.09,
2.20.17,19,10,,52,37,9,40,30.08,
2.20.17,20,10,,51,39,9,60,30.1,
2.20.17,21,10,,49,43,7,40,30.12,
2.20.17,22,10,,48,44,7,50,30.14,
2.20.17,23,10,,47,41,13,60,30.15,
2.21.17,0,10,,45,39,11,60,30.14,
2.21.17,1,10,,42,43,8,80,30.16,
2.21.17,2,10,,40,49,8,90,30.16,
2.21.17,3,10,,37,52,7,80,30.17,
2.21.17,4,10,,36,55,3,80,30.17,
2.21.17,5,10,,37,52,6,80,30.18,
2.21.17,6,10,,37,52,5,100,30.18,
2.21.17,7,10,,40,49,8,80,30.19,
2.21.17,8,10,,41,51,6,90,30.18,
2.21.17,9,10,,44,49,7,70,30.17,
2.21.17,10,10,,47,46,9,130,30.15,
2.21.17,11,10,,50,41,9,130,30.12,
2.21.17,12,10,,51,41,8,150,30.09,
2.21.17,13,10,,51,45,7,140,30.05,
2.21.17,14,10,,52,47,10,110,30.03,
2.21.17,15,10,,52,49,6,130,30.01,
2.21.17,16,10,,51,52,9,140,30,
2.21.17,17,10,,50,46,7,150,29.99,
2.21.17,18,10,,48,50,5,150,30,
2.21.17,19,10,,47,56,3,140,29.99,
2.21.17,20,10,,46,66,0,0,30,
2.21.17,21,10,,46,71,3,140,29.98,
2.21.17,22,10,,45,77,5,150,29.96,
2.21.17,23,10,,45,80,3,130,29.94,
2.22.17,0,10,,44,83,0,0,29.92,
2.22.17,1,10,,44,83,0,0,29.9,
2.22.17,2,10,,44,83,0,0,29.88,
2.22.17,3,10,,44,83,0,0,29.87,
2.22.17,4,10,,43,86,5,130,29.86,
2.22.17,5,10,,43,86,3,120,29.87,
2.22.17,6,10,,44,83,0,0,29.86,
2.22.17,7,10,,45,83,0,0,29.88,
2.22.17,8,10,,46,80,0,0,29.87,
2.22.17,9,10,,49,74,0,0,29.85,
2.22.17,10,10,,54,64,0,0,29.83,
2.22.17,11,10,,58,55,3,20,29.8,
2.22.17,12,10,,60,54,0,0,29.78,
2.22.17,13,10,,60,56,7,90,29.75,
2.22.17,14,10,,62,54,6,110,29.74,
2.22.17,15,10,,61,58,7,100,29.73,
2.22.17,16,10,,59,62,6,120,29.74,
2.22.17,17,10,,54,75,5,120,29.73,
2.22.17,18,10,,51,83,0,0,29.74,
2.22.17,19,10,,51,83,0,0,29.74,
2.22.17,20,10,,51,83,0,0,29.74,
2.22.17,21,10,,48,89,0,0,29.74,
2.22.17,22,10,,46,93,0,0,29.74,
2.22.17,23,10,,45,96,0,0,29.73,
2.23.17,0,10,,45,100,0,0,29.72,
2.23.17,1,10,,47,96,0,0,29.72,
2.23.17,2,10,,49,93,0,0,29.7,
2.23.17,3,10,,48,93,0,0,29.7,
2.23.17,4,10,,47,96,0,0,29.7,
2.23.17,5,0.25,,45,96,0,0,29.71,
2.23.17,6,0.25,,47,100,0,0,29.73,
2.23.17,7,0.5,,49,100,0,0,29.73,
2.23.17,8,6,,54,93,0,0,29.74,
2.23.17,9,10,,64,73,5,250,29.72,
2.23.17,10,10,,68,63,0,0,29.72,
2.23.17,11,10,,71,55,8,200,29.69,
2.23.17,12,10,,75,48,6,230,29.66,
2.23.17,13,10,,76,43,10,200,29.63,
2.23.17,14,10,,76,43,14,200,29.62,
2.23.17,15,10,,76,42,11,190,29.63,
2.23.17,16,10,,75,45,9,190,29.65,
2.23.17,17,10,,67,61,7,140,29.66,
2.23.17,18,10,,64,65,6,150,29.68,
2.23.17,19,10,,61,70,5,140,29.69,
2.23.17,20,10,,59,75,0,0,29.7,
2.23.17,21,10,,57,78,5,130,29.7,
2.23.17,22,10,,57,78,0,0,29.72,
2.23.17,23,10,,54,83,0,0,29.72,
2.24.17,0,10,,51,90,5,100,29.73,
2.24.17,1,10,,52,93,0,0,29.73,
2.24.17,2,10,,49,93,0,0,29.73,
2.24.17,3,10,,49,93,0,0,29.73,
2.24.17,4,10,,48,100,3,100,29.73,
2.24.17,5,10,,48,96,0,0,29.74,
2.24.17,6,10,,47,100,0,0,29.74,
2.24.17,7,10,,54,96,0,0,29.75,
2.24.17,8,10,,60,87,6,220,29.76,
2.24.17,9,10,,68,66,5,220,29.75,
2.24.17,10,10,,72,55,11,200,29.74,
2.24.17,11,10,,73,52,8,230,29.72,
2.24.17,12,10,,72,55,11,130,29.68,
2.24.17,13,10,,72,55,17,130,29.67,
2.24.17,14,10,,72,55,13,130,29.66,
2.24.17,15,10,,71,59,16,130,29.65,
2.24.17,16,10,,69,63,14,140,29.65,
2.24.17,17,10,,67,66,13,150,29.65,
2.24.17,18,10,,65,75,13,150,29.65,
2.24.17,19,10,,63,87,13,160,29.65,
2.24.17,20,10,,62,93,7,160,29.65,
2.24.17,21,10,,61,97,3,VR,29.63,
2.24.17,22,10,,60,97,5,140,29.62,
2.24.17,23,9,,57,100,3,120,29.62,
2.25.17,0,9,,55,100,6,90,29.62,
2.25.17,1,9,,53,100,5,130,29.62,
2.25.17,2,7,,54,100,6,110,29.58,
2.25.17,3,6,,53,100,3,110,29.57,
2.25.17,4,5,,51,100,5,110,29.57,
2.25.17,5,4,,51,100,6,120,29.54,
2.25.17,6,5,,53,100,7,130,29.52,
2.25.17,7,7,,57,100,6,140,29.52,
2.25.17,8,10,,64,87,7,VR,29.49,
2.25.17,9,10,,68,71,11,180,29.47,
2.25.17,10,10,,71,64,14,200,29.44,
2.25.17,11,10,,73,59,15,200,29.41,
2.25.17,12,10,,74,56,10,150,29.34,
2.25.17,13,10,,71,64,11,140,29.3,
2.25.17,14,10,,66,78,14,140,29.25,0.08
2.25.17,15,3,3,53,96,17,290,29.34,0.67
2.25.17,16,10,,55,69,21,300,29.38,T
2.25.17,17,10,,53,62,17,300,29.42,
2.25.17,18,10,,52,61,13,300,29.46,
2.25.17,19,10,,51,57,13,300,29.47,
2.25.17,20,10,,49,44,17,280,29.54,
2.25.17,21,10,,47,46,21,300,29.57,
2.25.17,22,10,,44,49,13,320,29.62,
2.25.17,23,10,,43,47,16,300,29.67,
2.26.17,0,10,,41,51,16,290,29.7,
2.26.17,1,10,,39,51,20,300,29.72,
2.26.17,2,10,,37,55,13,270,29.75,
2.26.17,3,10,,37,55,13,310,29.77,
2.26.17,4,10,,36,57,11,310,29.79,
2.26.17,5,10,,36,50,15,310,29.83,
2.26.17,6,10,,35,54,18,300,29.86,
2.26.17,7,10,,34,48,15,290,29.91,
2.26.17,8,10,,36,46,16,290,29.94,
2.26.17,9,10,,39,41,16,290,29.96,
2.26.17,10,10,,40,41,13,280,29.96,
2.26.17,11,10,,42,40,11,300,29.96,
2.26.17,12,10,,43,38,16,260,29.96,
2.26.17,13,10,,42,38,16,300,29.96,
2.26.17,14,10,,44,35,11,280,29.97,
2.26.17,15,10,,46,34,13,310,29.98,
2.26.17,16,10,,45,35,9,310,30,
2.26.17,17,10,,42,41,8,310,30.03,
2.26.17,18,10,,40,43,0,0,30.06,
2.26.17,19,10,,36,55,0,0,30.08,
2.26.17,20,10,,32,67,0,0,30.1,
2.26.17,21,10,,31,69,3,270,30.11,
2.26.17,22,10,,28,78,3,240,30.12,
2.26.17,23,10,,30,72,5,310,30.13,
2.27.17,0,10,,30,75,0,0,30.15,
2.27.17,1,10,,28,82,0,0,30.16,
2.27.17,2,10,,28,82,0,0,30.17,
2.27.17,3,10,,29,78,0,0,30.18,
2.27.17,4,10,,25,88,3,270,30.2,
2.27.17,5,10,,27,85,0,0,30.2,
2.27.17,6,10,,28,85,0,0,30.23,
2.27.17,7,10,,31,89,3,270,30.24,
2.27.17,8,10,,37,86,0,0,30.25,
2.27.17,9,10,,44,74,0,0,30.27,
2.27.17,10,10,,47,52,6,220,30.26,
2.27.17,11,10,,51,43,8,220,30.24,
2.27.17,12,10,,55,24,9,200,30.21,
2.27.17,13,10,,55,28,7,220,30.19,
2.27.17,14,10,,53,30,9,230,30.2,
2.27.17,15,10,,53,30,5,210,30.21,
2.27.17,16,10,,53,34,3,150,30.22,
2.27.17,17,10,,50,54,3,130,30.21,
2.27.17,18,10,,49,56,3,150,30.21,
2.27.17,19,10,,48,59,3,110,30.2,
2.27.17,20,10,,48,61,0,0,30.21,
2.27.17,21,10,,48,61,5,180,30.21,
2.27.17,22,10,,49,59,0,0,30.19,
2.27.17,23,10,,49,54,0,0,30.19,
2.28.17,0,10,,46,66,0,0,30.19,
2.28.17,1,10,,45,68,0,0,30.18,
2.28.17,2,10,,44,74,0,0,30.15,
2.28.17,3,10,,43,73,0,0,30.14,
2.28.17,4,10,,43,76,0,0,30.15,
2.28.17,5,10,,43,76,0,0,30.14,
2.28.17,6,10,,41,79,0,0,30.14,
2.28.17,7,10,,45,77,0,0,30.14,
2.28.17,8,10,,51,69,3,100,30.13,
2.28.17,9,10,,57,55,0,0,30.12,
2.28.17,10,10,,61,50,0,0,30.12,
2.28.17,11,10,,64,50,6,VR,30.07,
2.28.17,12,10,,61,56,10,80,30.03,
2.28.17,13,10,,63,56,9,70,30,
2.28.17,14,10,,63,58,7,140,29.98,
2.28.17,15,10,,63,63,8,170,29.96,
2.28.17,16,10,,62,67,0,0,29.96,T
2.28.17,17,8,,59,81,0,0,29.98,0.01
2.28.17,18,6,,56,100,3,180,29.95,0.11
2.28.17,19,6,,56,100,0,0,29.93,0.01
2.28.17,20,6,,56,100,5,180,29.9,0.04
2.28.17,21,6,,56,100,5,170,29.87,0.04
2.28.17,22,4,,56,100,0,0,29.85,0.02
2.28.17,23,8,,56,100,6,200,29.84,0.02
