,callsign,runway,arrAirport,initialGateTimeOfDeparture,aircraftType,arrGate,node,optimalExit,optimalValue,meanValue,stdevValue
0,AAL693,8,KPHX,02/17/2017 09:20:00,B752,B28,6,B10,722.44,723.24,353.19
1,AAL1598,8,KPHX,02/17/2017 13:35:00,B738,A11,5,B8,645.92,,
2,AAL1025,7L,KPHX,02/17/2017 14:15:00,B738,B13,6,E9,1411.15,,
3,AAL1073,8,KPHX,02/17/2017 13:10:00,B738,B27,7,B11,859.16,,
4,AAL592,8,KPHX,02/17/2017 14:00:00,A319,A9,5,B8,687.66,,
5,SKW3022,7R,KPHX,02/17/2017 14:20:00,CRJ7,B1,6,G5,420.13,,
6,AAL770,7R,KPHX,02/17/2017 14:00:00,A319,A12,4,G5,956.79,,
7,ASH5794,7R,KPHX,02/17/2017 15:01:00,CRJ9,A1,5,G7,517.69,,
8,DAL1514,8,KPHX,02/17/2017 12:55:00,MD90,18,1,B6,320.05,,
9,SKW3080,7R,KPHX,02/17/2017 14:45:00,CRJ7,B18,6,G5,400.23,,
10,SKW3132,8,KPHX,02/17/2017 14:45:00,CRJ2,B15C,7,B11,273.97,,
11,ASH5991,7R,KPHX,02/17/2017 14:40:00,CRJ9,B7,6,G5,397.05,,
12,AAL106,7R,KPHX,02/17/2017 14:45:00,B738,B26,6,G5,1019.26,,
13,ASH5947,8,KPHX,02/17/2017 14:40:00,CRJ9,B5,6,B11,279.77,,
14,AAL414,7R,KPHX,02/17/2017 13:30:00,A320,A6,4,G5,929.01,,
15,DAL2547,8,KPHX,02/17/2017 15:25:00,A320,19,2,B6,346.7,,
16,AAL625,8,KPHX,02/17/2017 12:15:00,A319,A17,4,B8,523.09,,
17,WJA1388,8,KPHX,02/17/2017 13:25:00,B737,B23,7,B11,833.81,,
18,AAL447,8,KPHX,02/17/2017 12:00:00,A321,A22,3,B8,385.47,,
19,ASH5844,7R,KPHX,02/17/2017 14:25:00,CRJ9,B16,6,G5,412.93,,
20,AAL531,7L,KPHX,02/17/2017 12:00:00,A319,B8,5,E12,1129.04,,
21,AAL319,8,KPHX,02/17/2017 14:45:00,B738,A11,5,B8,614.87,,
22,AAL534,7R,KPHX,02/17/2017 14:00:00,A320,A10,4,G5,863.55,,
23,AAL1456,8,KPHX,02/17/2017 13:15:00,B738,B11,6,B10,637.48,,
24,AAL2378,7R,KPHX,02/17/2017 11:40:00,B738,B13,6,G5,909.71,,
25,AAL1821,8,KPHX,02/17/2017 13:25:00,A319,B12,5,B8,651.34,,
26,ASH5896,8,KPHX,02/17/2017 16:11:00,CRJ9,A1,5,B10,212.79,,
27,AAL647,7L,KPHX,02/17/2017 12:25:00,A320,B2,5,E12,1069.71,,
28,AAL506,8,KPHX,02/17/2017 11:45:00,A321,A26,3,B8,361.83,,
29,ASH5956,8,KPHX,02/17/2017 15:40:00,CRJ9,B21,7,B11,283.04,,
30,AAL1431,8,KPHX,02/17/2017 11:25:00,B738,A3,5,B8,549.0,,
31,AAL582,8,KPHX,02/17/2017 12:25:00,A320,B6,5,B8,634.32,,
32,SKW3069,8,KPHX,02/17/2017 15:40:00,CRJ7,B1,6,B11,256.58,,
33,DAL1921,8,KPHX,02/17/2017 13:25:00,A320,15,2,B6,382.95,,
34,AAL568,7R,KPHX,02/17/2017 12:00:00,A321,A18,3,G5,865.06,,
35,ASH5906,8,KPHX,02/17/2017 13:49:00,CRJ9,B19,7,B11,307.74,,
36,ASH5816,8,KPHX,02/17/2017 15:45:00,CRJ9,B9,6,B11,228.37,,
37,AAL586,8,KPHX,02/17/2017 13:10:00,A319,B10,5,B8,706.28,,
38,CPZ5783,8,KPHX,02/17/2017 16:00:00,E75S,16,1,B7,276.93,,
39,AAL1572,8,KPHX,02/17/2017 13:17:00,B738,B14,5,B8,576.6,,
40,SWA245,8,KPHX,02/17/2017 16:20:00,B737,D2,11,B8,779.58,,
41,AAL448,8,KPHX,02/17/2017 14:50:00,A321,A24,3,B8,434.5,,
42,DAL1546,8,KPHX,02/17/2017 13:15:00,B752,17,2,B7,329.45,,
43,ASA636,8,KPHX,02/17/2017 14:55:00,B739,10,9,B8,1021.64,,
44,SWA1131,8,KPHX,02/17/2017 14:00:00,B738,C6,12,B8,983.42,,
45,WJA1532,8,KPHX,02/17/2017 14:35:00,B738,B27,7,B11,666.16,,
46,SWA653,8,KPHX,02/17/2017 17:20:00,B737,C11,12,B8,968.82,,
47,SWA1513,7L,KPHX,02/17/2017 17:40:00,B733,C18,13,E13,171.23,,
48,AAL566,8,KPHX,02/17/2017 16:35:00,A321,A21,4,B8,381.33,,
49,SWA1323,8,KPHX,02/17/2017 15:15:00,B737,D1,10,B8,841.3,,
50,AAL1783,7R,KPHX,02/17/2017 17:05:00,A321,A11,5,G5,940.23,,
51,AAL1820,7L,KPHX,02/17/2017 17:55:00,A321,A23,4,E11,711.47,,
52,SWA1111,8,KPHX,02/17/2017 17:40:00,B737,C16,13,B8,1592.85,,
53,AAL1380,8,KPHX,02/17/2017 16:10:00,B738,B13,6,B10,555.79,,
54,AAL544,8,KPHX,02/17/2017 16:25:00,A321,A29,4,B8,907.91,,
55,ASH5776,8,KPHX,02/17/2017 17:55:00,CRJ9,B18,6,B11,411.91,,
56,ASA644,8,KPHX,02/17/2017 17:00:00,B739,11,9,B8,1535.19,,
57,AAL1340,8,KPHX,02/17/2017 18:15:00,B738,B14,5,B8,460.26,,
58,SWA262,7L,KPHX,02/17/2017 17:05:00,B737,C17,12,E11,1095.51,,
59,SWA3218,7L,KPHX,02/17/2017 18:25:00,B737,C14,13,E11,1223.27,,
60,AAL491,7R,KPHX,02/17/2017 18:00:00,B752,A22,3,G4,1255.18,,
61,AAL1951,8,KPHX,02/17/2017 15:55:00,A321,A26,3,B8,951.15,,
62,AAL410,8,KPHX,02/17/2017 17:57:00,A319,B2,5,B8,1076.64,,
63,SWA1861,7R,KPHX,02/17/2017 18:45:00,B737,D2,11,G8,1244.41,,
64,SWA1444,7R,KPHX,02/17/2017 18:25:00,B737,D8,11,G8,1197.37,,
65,SWA4651,8,KPHX,02/17/2017 17:30:00,B737,D6,11,B8,1407.18,,
66,SWA3240,8,KPHX,02/17/2017 17:55:00,B737,D3,10,B8,1382.81,,
67,DAL1123,8,KPHX,02/17/2017 18:45:00,A320,15,2,B6,376.26,,
68,SWA756,8,KPHX,02/17/2017 16:20:00,B737,C13,12,B8,1443.76,,
69,AAL2023,8,KPHX,02/17/2017 16:50:00,A321,A30,3,B8,863.55,,
70,DAL1769,8,KPHX,02/17/2017 17:17:00,B753,19,2,B6,737.75,,
71,ASH5976,8,KPHX,02/17/2017 18:48:00,CRJ9,B9,6,B11,389.21,,
72,AAL472,8,KPHX,02/17/2017 17:00:00,A321,A7,5,B8,940.93,,
73,SKW3109,8,KPHX,02/17/2017 19:10:00,CRJ7,A1,5,B10,295.99,,
74,DAL1772,8,KPHX,02/17/2017 16:06:00,A333,23,2,B6,1199.78,,
75,AAL1618,8,KPHX,02/17/2017 14:30:00,B738,A19,4,B8,1006.71,,
76,AAL413,8,KPHX,02/17/2017 14:55:00,A320,A4,4,B8,956.98,,
77,SWA1712,8,KPHX,02/17/2017 19:15:00,B733,C3,11,B8,1350.07,,
78,SWA1785,8,KPHX,02/17/2017 17:45:00,B737,C7,11,B8,1458.32,,
79,AAL450,8,KPHX,02/17/2017 15:45:00,A321,A21,4,B8,989.49,,
80,ASH5736,8,KPHX,02/17/2017 19:15:00,CRJ9,B19,7,B11,422.81,,
81,ASH5949,8,KPHX,02/17/2017 19:50:00,CRJ9,B20,6,B11,374.45,,
82,SKW3108,7R,KPHX,02/17/2017 18:59:00,CRJ7,B15C,7,G5,648.79,,
83,ASH5748,7L,KPHX,02/17/2017 19:20:00,CRJ9,B5,6,E12,482.67,,
84,SKW3029,8,KPHX,02/17/2017 19:10:00,CRJ7,B3,6,B11,393.59,,
85,SKW3032,7R,KPHX,02/17/2017 19:05:00,CRJ7,B1,6,G5,514.48,,
86,ASH5752,8,KPHX,02/17/2017 19:25:00,CRJ9,B21,7,B11,407.28,,
87,SWA1125,7R,KPHX,02/17/2017 19:40:00,B738,C8,12,G8,1291.21,,
88,AAL679,8,KPHX,02/17/2017 16:20:00,A321,A24,3,B8,833.82,,
89,SKW3040,7R,KPHX,02/17/2017 19:45:00,CRJ7,B1A,6,G5,543.25,,
90,AAL495,8,KPHX,02/17/2017 16:40:00,A320,A6,4,B8,1053.5,,
91,SWA1506,7R,KPHX,02/17/2017 19:10:00,B737,C6,12,G8,1276.56,,
92,AAL549,8,KPHX,02/17/2017 18:15:00,A321,A18,3,B8,842.21,,
93,DAL2581,8,KPHX,02/17/2017 17:10:00,A320,18,1,B6,734.49,,
94,SWA795,8,KPHX,02/17/2017 18:00:00,B738,C16,13,B8,1543.98,,
95,SKW3031,8,KPHX,02/17/2017 20:00:00,CRJ7,B15A,7,B11,390.98,,
96,CPZ5800,7R,KPHX,02/17/2017 19:25:00,E75S,16,1,G5,513.91,,
97,FFT1835,26,KPHX,02/17/2017 17:50:00,A319,25,2,B7,317.23,,
98,AAL307,8,KPHX,02/17/2017 19:15:00,B738,A25,4,B8,996.22,,
99,SWA1219,7R,KPHX,02/17/2017 18:55:00,B737,D7,10,G4,994.28,,
100,SWA241,8,KPHX,02/17/2017 19:30:00,B738,D3,10,B8,1323.23,,
101,NKS939,8,KPHX,02/17/2017 19:47:00,A320,2,8,B8,1591.28,,
102,SWA4623,8,KPHX,02/17/2017 20:00:00,B737,C18,13,B8,1498.04,,
103,SWA888,7L,KPHX,02/17/2017 19:30:00,B737,C17,12,E11,1187.37,,
104,AAL575,8,KPHX,02/17/2017 19:05:00,A321,A20,3,B8,995.15,,
105,ASA656,8,KPHX,02/17/2017 19:00:00,B739,10,9,B8,1491.0,,
106,AAL551,8,KPHX,02/17/2017 20:50:00,A321,A23,4,B8,947.1,,
107,AAL2341,8,KPHX,02/17/2017 19:15:00,B738,A27,4,B8,1022.53,,
108,SWA124,8,KPHX,02/17/2017 19:30:00,B733,C4,12,B8,1373.45,,
109,AAL985,7R,KPHX,02/17/2017 20:55:00,B738,B14,5,G4,1454.57,,
110,ASH5989,7R,KPHX,02/17/2017 20:30:00,CRJ9,B5,6,G5,500.23,,
111,AAL1712,26,KPHX,02/17/2017 20:48:00,A321,A11,5,B7,656.74,,
112,AAL1597,8,KPHX,02/17/2017 20:45:00,B738,A25,4,B8,376.35,,
113,SWA195,8,KPHX,02/17/2017 19:00:00,B738,D7,10,B8,1318.03,,
114,SWA237,25L,KPHX,02/17/2017 20:40:00,B737,C13,12,G4,988.68,,
115,DAL899,8,KPHX,02/17/2017 19:21:00,B739,15,2,B7,263.33,,
116,AAL429,8,KPHX,02/17/2017 20:29:00,A321,A21,4,B8,363.35,,
117,AAL1467,8,KPHX,02/17/2017 20:47:00,B738,B13,6,B10,1231.43,,
118,SWA438,8,KPHX,02/17/2017 17:45:00,B737,D8,11,B8,1420.61,,
119,SKW3037,8,KPHX,02/17/2017 20:45:00,CRJ7,B1A,6,B11,357.81,,
120,AAL628,8,KPHX,02/17/2017 18:00:00,A321,A26,3,B8,929.76,,
121,AAL634,8,KPHX,02/17/2017 20:45:00,A319,A9,5,B8,579.16,,
122,SWA669,8,KPHX,02/17/2017 21:00:00,B738,C16,13,B8,1640.54,,
123,SKW3076,7L,KPHX,02/17/2017 21:39:00,CRJ7,B17,7,E10,381.47,,
124,AAL500,8,KPHX,02/17/2017 20:49:00,A319,A6,4,B8,955.26,,
125,DAL2046,26,KPHX,02/17/2017 19:07:00,A321,17,2,B7,268.76,,
126,SWA3878,26,KPHX,02/17/2017 19:45:00,B737,C17,12,B8,818.71,,
127,SWA694,26,KPHX,02/17/2017 18:40:00,B738,C7,11,B5,1291.13,,
128,SWA1156,25R,KPHX,02/17/2017 21:55:00,B737,C14,13,E9,711.43,,
129,AAL552,26,KPHX,02/17/2017 20:45:00,A319,A10,4,B7,561.84,,
130,AAL502,26,KPHX,02/17/2017 20:35:00,A320,A4,4,B7,576.81,,
131,ASH5745,25L,KPHX,02/17/2017 21:15:00,CRJ9,B3,6,G4,481.93,,
132,ASH5931,26,KPHX,02/17/2017 22:20:00,CRJ9,B16,6,B7,324.89,,
133,AAL1072,26,KPHX,02/17/2017 18:10:00,B738,B14,5,B7,752.92,,
134,AAL1458,26,KPHX,02/17/2017 18:10:00,B738,B11,6,B7,869.84,,
135,ASH5963,25L,KPHX,02/17/2017 22:30:00,CRJ9,B9,6,G4,467.27,,
136,AAL583,26,KPHX,02/17/2017 20:30:00,A319,A6,4,B8,324.69,,
137,AAL695,26,KPHX,02/17/2017 18:30:00,A321,A23,4,B7,563.77,,
138,AAL1034,26,KPHX,02/17/2017 20:40:00,B738,B6,5,B7,694.95,,
139,SKW3041,26,KPHX,02/17/2017 22:24:00,CRJ7,B1A,6,B7,348.98,,
140,SWA1890,26,KPHX,02/17/2017 20:10:00,B737,C3,11,B8,749.1,,
141,SWA2747,26,KPHX,02/17/2017 20:40:00,B737,D6,11,B7,1016.62,,
142,SKW2898,25R,KPHX,02/17/2017 23:07:00,CRJ7,B17,7,E9,389.39,,
143,AAL644,25L,KPHX,02/17/2017 21:37:00,A319,B4,5,G4,1165.6,,
144,AAL521,26,KPHX,02/17/2017 19:36:00,A321,A7,5,B8,474.47,,
145,SWA1174,25L,KPHX,02/17/2017 22:30:00,B737,C19,12,G7,704.89,,
146,AAL2581,26,KPHX,02/17/2017 19:05:00,B738,B13,6,B7,846.69,,
147,SWA299,26,KPHX,02/17/2017 21:10:00,B733,C19,12,B8,832.47,,
148,SWA1418,25L,KPHX,02/17/2017 20:50:00,B737,D1,10,G4,867.97,,
149,SWA1471,26,KPHX,02/18/2017 00:01:00,B737,C8,12,B7,1112.09,,
150,SWA4485,26,KPHX,02/17/2017 23:25:00,B738,C19,12,B7,1100.62,,
151,SWA1806,26,KPHX,02/17/2017 20:20:00,B738,D5,10,B8,663.86,,
152,SWA1169,25R,KPHX,02/17/2017 23:50:00,B737,D7,10,E8,635.71,,
153,SWA4247,26,KPHX,02/18/2017 00:15:00,B733,C1,11,B8,796.53,,
154,ASA688,26,KPHX,02/17/2017 22:55:00,B739,11,9,B6,1244.26,,
155,SKW2900,25L,KPHX,02/17/2017 20:35:00,CRJ7,B17,7,G6,476.8,,
156,AAL486,25L,KPHX,02/17/2017 23:45:00,A321,A7,5,G3,1431.09,,
157,AAL490,26,KPHX,02/17/2017 23:05:00,A319,A6,4,B11,304.68,,
158,AAL1744,26,KPHX,02/18/2017 00:30:00,A321,A27,4,B7,647.28,,
159,CPZ5778,26,KPHX,02/17/2017 23:05:00,E75S,23,2,B8,84.81,,
160,AAL1017,26,KPHX,02/17/2017 23:00:00,B738,B11,6,B6,906.28,,
161,SWA349,26,KPHX,02/18/2017 00:15:00,B737,C13,12,B7,1056.86,,
162,ASH5969,25L,KPHX,02/18/2017 00:30:00,CRJ9,B9,6,G3,582.65,,
163,ASH5714,25L,KPHX,02/18/2017 00:55:00,CRJ9,B16,6,G4,464.68,,
164,SKW3104,25L,KPHX,02/18/2017 00:15:00,CRJ7,B1,6,G2,721.42,,
165,SKW3054,26,KPHX,02/18/2017 00:26:00,CRJ7,B1A,6,B7,346.74,,
166,AAL545,26,KPHX,02/18/2017 00:25:00,A321,A19,4,B8,328.89,,
167,SKW4755,26,KPHX,02/18/2017 00:17:00,CRJ7,18,1,B7,125.15,,
168,AAL2549,25R,KPHX,02/18/2017 00:45:00,B738,A25,4,E7,866.03,,
169,AAL494,26,KPHX,02/17/2017 21:25:00,B752,A20,3,B7,606.7,,
170,AAL1355,26,KPHX,02/17/2017 23:35:00,B738,A29,4,B7,549.47,,
171,AAL590,26,KPHX,02/18/2017 00:23:00,A320,B2,5,B7,726.39,,
172,AAL614,25L,KPHX,02/18/2017 00:17:00,A320,A12,4,G3,1382.93,,
173,SWA1240,26,KPHX,02/17/2017 21:50:00,B738,C6,12,B7,1091.4,,
174,SWA585,26,KPHX,02/17/2017 22:45:00,B737,C11,12,B10,1096.47,,
175,AAL1896,26,KPHX,02/17/2017 23:37:00,A321,A26,3,B11,411.49,,
176,SWA974,26,KPHX,02/17/2017 22:25:00,B738,C8,12,B6,1183.11,,
177,SWA1232,26,KPHX,02/17/2017 21:55:00,B738,D7,10,B8,722.19,,
178,SWA9020,25R,KPHX,02/17/2017 23:05:00,B737,C19,12,E6,979.68,,
179,SWA1337,7L,KPHX,02/17/2017 21:25:00,B738,C7,11,E11,476.93,,
180,SWA1157,25L,KPHX,02/18/2017 01:20:00,B737,D8,11,G4,944.09,,
181,DAL542,26,KPHX,02/17/2017 22:45:00,A320,17,2,B7,372.24,,
182,DAL449,26,KPHX,02/17/2017 21:55:00,A319,19,2,B7,354.65,,
183,SWA1438,26,KPHX,02/18/2017 00:05:00,B737,D2,11,B9,685.58,,
184,SWA4354,25L,KPHX,02/18/2017 00:25:00,B737,C7,11,G4,985.44,,
185,SKW3036,25L,KPHX,02/18/2017 00:20:00,CRJ7,B17,7,G4,570.85,,
186,ASH5880,25L,KPHX,02/18/2017 00:25:00,CRJ9,A1,5,G4,480.65,,
187,DAL1516,26,KPHX,02/18/2017 00:01:00,B763,23,2,B6,600.46,,
188,ASH5755,25R,KPHX,02/18/2017 00:30:00,CRJ9,B9,6,E8,359.55,,
189,AAL596,26,KPHX,02/17/2017 23:15:00,A320,A10,4,B7,643.25,,
190,AAL672,26,KPHX,02/17/2017 22:40:00,A320,B12,5,B6,817.95,,
191,AAL1805,26,KPHX,02/17/2017 22:25:00,A321,B14,5,B11,293.33,,
192,AAL321,26,KPHX,02/18/2017 00:10:00,B738,B13,6,B6,860.99,,
193,SWA4182,26,KPHX,02/18/2017 00:50:00,B738,D6,11,B7,1057.35,,
194,AAL2519,26,KPHX,02/17/2017 23:40:00,B738,B6,5,B7,754.7,,
195,SKW3011,26,KPHX,02/18/2017 02:20:00,CRJ7,B1A,6,B7,352.0,,
196,AAL1322,26,KPHX,02/17/2017 21:30:00,B738,B11,6,B7,820.98,,
197,AAL563,26,KPHX,02/17/2017 22:00:00,A321,A7,5,B7,655.63,,
198,AAL528,26,KPHX,02/17/2017 22:30:00,A319,A2,4,B8,366.73,,
199,AAL547,26,KPHX,02/17/2017 23:20:00,A321,A27,4,B7,662.77,,
200,AAL627,26,KPHX,02/17/2017 23:15:00,A319,A4,4,B7,590.09,,
201,SWA287,25R,KPHX,02/17/2017 23:45:00,B737,C18,13,E8,849.49,,
202,SWA182,25R,KPHX,02/17/2017 23:40:00,B737,C13,12,E8,785.65,,
203,ASH5928,25R,KPHX,02/18/2017 01:50:00,CRJ9,B5,6,E9,315.08,,
204,ASH5964,25L,KPHX,02/18/2017 01:50:00,CRJ9,B20,6,G4,463.54,,
205,AAL1488,7L,KPHX,02/17/2017 22:05:00,B738,A25,4,E9,828.46,,
206,AAL516,26,KPHX,02/17/2017 22:25:00,A321,A21,4,B11,223.95,,
207,AAL1932,26,KPHX,02/17/2017 22:45:00,A321,A3,5,B6,836.54,,
208,SKW3062,25L,KPHX,02/18/2017 02:15:00,CRJ7,B3,6,G3,578.22,,
209,AAL453,26,KPHX,02/18/2017 00:01:00,A319,B4,5,B7,734.11,,
210,AAL626,25L,KPHX,02/18/2017 01:50:00,A321,A11,5,G4,1160.65,,
211,SKW3056,25R,KPHX,02/18/2017 02:24:00,CRJ7,B1,6,E6,444.23,,
212,AAL422,26,KPHX,02/17/2017 23:10:00,A320,B10,5,B8,477.34,,
213,AAL504,26,KPHX,02/18/2017 01:34:00,A320,B2,5,B7,683.55,,
214,SWA374,26,KPHX,02/18/2017 01:55:00,B737,D5,10,B8,723.36,,
215,DAL2559,26,KPHX,02/18/2017 00:20:00,B739,15,2,B5,619.7,,
216,JBU603,8,KPHX,02/17/2017 22:45:00,A320,26,1,B7,241.84,,
217,AAL449,26,KPHX,02/17/2017 22:55:00,A319,A6,4,B7,626.44,,
218,SWA1065,25L,KPHX,02/18/2017 02:10:00,B738,C16,13,G3,1367.0,,
219,SWA1595,26,KPHX,02/18/2017 02:45:00,B737,C11,12,B10,1015.29,,
220,AAL1881,26,KPHX,02/17/2017 23:00:00,B752,A20,3,B7,594.94,,
221,AAL1384,26,KPHX,02/18/2017 01:59:00,B738,B13,6,B6,937.18,,
222,AAL2042,26,KPHX,02/18/2017 03:30:00,A319,A2,4,B7,618.15,,
223,HAL36,7L,KPHX,02/17/2017 23:05:00,B763,24,1,E9,985.37,,
224,ASH5860,25R,KPHX,02/18/2017 03:15:00,CRJ9,B18,6,E6,458.62,,
225,SWA533,7L,KPHX,02/18/2017 01:30:00,B738,D8,11,E11,571.37,,
226,AAL1246,8,KPHX,02/18/2017 03:20:00,B738,A25,4,B8,367.55,,
227,ASH5911,26,KPHX,02/18/2017 03:25:00,CRJ9,B3,6,B8,242.31,,
228,SKW2901,8,KPHX,02/18/2017 00:45:00,CRJ7,B21,7,B11,278.88,,
229,AAL513,25L,KPHX,02/18/2017 02:25:00,A321,A23,4,G3,1343.68,,
230,DAL781,8,KPHX,02/18/2017 03:37:00,B739,18,1,B6,753.15,,
231,SWA2932,8,KPHX,02/18/2017 04:05:00,B737,C14,13,B8,1087.6,,
232,ASH5765,7R,KPHX,02/18/2017 03:30:00,CRJ9,B5,6,G6,379.24,,
233,AAL522,8,KPHX,02/18/2017 03:30:00,A319,A8,4,B8,536.9,,
234,AAL564,8,KPHX,02/18/2017 03:29:00,A319,A10,4,B8,494.78,,
235,AAL1928,8,KPHX,02/18/2017 03:22:00,A319,A9,5,B8,566.41,,
236,ASA622,8,KPHX,02/18/2017 02:35:00,B739,10,9,B8,968.62,,
237,AAL480,8,KPHX,02/18/2017 00:55:00,A321,A27,4,B8,495.81,,
238,DAL688,8,KPHX,02/18/2017 01:37:00,B738,19,2,B7,306.13,,
239,SWA1577,7R,KPHX,02/18/2017 03:00:00,B737,D6,11,G8,767.77,,
240,SWA1681,26,KPHX,02/17/2017 23:55:00,B738,C3,11,B6,1133.75,,
241,DAL881,8,KPHX,02/18/2017 02:35:00,B752,17,2,B8,188.67,,
242,SKW4682,8,KPHX,02/18/2017 02:55:00,E75L,15,2,B8,136.14,,
243,SWA246,7L,KPHX,02/18/2017 04:00:00,B737,C6,12,E11,595.91,,
244,DAL2167,8,KPHX,02/18/2017 02:01:00,A321,18,1,B8,220.03,,
245,SWA1864,8,KPHX,02/18/2017 04:55:00,B733,D4,11,B8,885.95,,
246,ASA640,8,KPHX,02/18/2017 03:45:00,B739,11,9,B8,1060.92,,
247,AAL1908,8,KPHX,02/18/2017 02:20:00,A321,A11,5,B8,530.91,,
248,AAL1471,8,KPHX,02/18/2017 01:00:00,B738,A29,4,B8,431.61,,
249,DAL2435,8,KPHX,02/18/2017 00:30:00,B738,16,1,B7,226.97,,
250,NKS167,7L,KPHX,02/18/2017 03:04:00,A319,2,8,E8,325.36,,
251,SKW4997,7R,KPHX,02/18/2017 04:55:00,CRJ7,15,2,G5,392.66,,
252,SWA346,7L,KPHX,02/18/2017 05:00:00,B738,C18,13,E11,678.23,,
253,SWA2224,7L,KPHX,02/18/2017 05:40:00,B738,C13,12,E11,532.91,,
254,AAL889,8,KPHX,02/18/2017 04:25:00,A321,A24,3,B8,973.22,,
255,SWA3163,7L,KPHX,02/18/2017 04:25:00,B737,C1,11,E11,1041.7,,
256,SWA2938,7L,KPHX,02/18/2017 05:30:00,B737,C3,11,E11,449.33,,
257,SWA4171,7L,KPHX,02/18/2017 03:30:00,B737,C8,12,E11,555.41,,
258,UAL237,8,KPHX,02/17/2017 15:05:00,B738,6B,8,B8,1022.09,,
259,UAL725,8,KPHX,02/17/2017 14:58:00,B739,6B,8,B8,1116.2,,
260,UAL739,8,KPHX,02/17/2017 18:47:00,B739,5,9,B8,1607.66,,
261,UAL2380,7R,KPHX,02/17/2017 19:30:00,A320,3,9,G4,605.25,,
262,UAL611,8,KPHX,02/17/2017 18:31:00,B739,7,9,B8,1513.61,,
263,UAL1141,26,KPHX,02/17/2017 21:15:00,A320,5,9,B7,1118.16,,
264,UAL507,25L,KPHX,02/17/2017 22:18:00,A320,3,9,G4,272.53,,
265,UAL1948,25L,KPHX,02/18/2017 00:40:00,A320,6A,8,G3,526.6,,
266,UAL483,26,KPHX,02/18/2017 01:29:00,B739,6B,8,B7,1210.4,,
267,UAL716,8,KPHX,02/18/2017 05:16:00,B738,7,9,B8,880.45,,
268,JBU135,7R,KPHX,02/18/2017 00:24:00,A320,26,1,G5,926.94,,
269,AAL1709,8,KPHX,02/18/2017 10:15:00,A319,A12,4,B8,414.91,,
270,AAL2672,8,KPHX,02/18/2017 12:00:00,B738,A18,3,B8,403.31,,
271,ASH5930,8,KPHX,02/18/2017 13:25:00,CRJ9,B19,7,B11,233.13,,
272,AAL1110,8,KPHX,02/18/2017 11:00:00,B738,A25,4,B8,321.04,,
273,ASH5797,8,KPHX,02/18/2017 12:15:00,CRJ9,B22,6,B11,266.05,,
274,ASH5907,7L,KPHX,02/18/2017 13:25:00,CRJ9,B5,6,E11,352.89,,
275,ASH5967,8,KPHX,02/18/2017 14:00:00,CRJ9,B3,6,B11,235.3,,
276,AAL693,8,KPHX,02/18/2017 09:20:00,B752,A22,3,B8,287.59,,
277,AAL646,8,KPHX,02/18/2017 14:00:00,A321,A19,4,B8,379.66,,
278,AAL1025,7R,KPHX,02/18/2017 14:15:00,B738,B14,5,G5,1004.3,,
279,AAL1073,8,KPHX,02/18/2017 13:10:00,B738,B6,5,B8,519.05,,
280,SKW3080,7R,KPHX,02/18/2017 14:45:00,CRJ7,B7,6,G5,408.36,,
281,AAL593,7R,KPHX,02/18/2017 14:20:00,A321,A21,4,G5,848.62,,
282,SKW3022,8,KPHX,02/18/2017 14:20:00,CRJ7,B15A,7,B11,248.92,,
283,AAL1479,8,KPHX,02/18/2017 14:00:00,B738,A5,5,B8,576.63,,
284,SKW3068,7R,KPHX,02/18/2017 14:15:00,CRJ7,B1A,6,G5,415.06,,
285,AAL114,8,KPHX,02/18/2017 13:00:00,B738,A3,5,B8,438.33,,
286,SKW3071,7R,KPHX,02/18/2017 14:10:00,CRJ7,B1,6,G5,416.54,,
287,SKW3045,7R,KPHX,02/18/2017 14:05:00,CRJ7,B22,6,G5,388.08,,
288,AAL592,8,KPHX,02/18/2017 14:00:00,A319,B12,5,B8,482.73,,
289,ASH5794,8,KPHX,02/18/2017 15:01:00,CRJ9,B24,6,B11,216.09,,
290,AAL770,7R,KPHX,02/18/2017 14:00:00,A319,B11,6,G5,978.09,,
291,AAL567,7R,KPHX,02/18/2017 14:01:00,A321,B13,6,G6,854.82,,
292,AAL2094,7R,KPHX,02/18/2017 14:10:00,A320,A4,4,G5,887.59,,
293,AAL761,7R,KPHX,02/18/2017 13:20:00,A321,A23,4,G5,841.76,,
294,SKW3024,8,KPHX,02/18/2017 15:00:00,CRJ7,B9,6,B11,222.09,,
295,AAL106,8,KPHX,02/18/2017 14:45:00,B738,A25,4,B8,357.19,,
296,ASH5947,7R,KPHX,02/18/2017 14:40:00,CRJ9,B21,7,G5,486.89,,
297,DAL1514,8,KPHX,02/18/2017 13:05:00,MD90,18,1,B6,708.02,,
298,AAL534,8,KPHX,02/18/2017 15:37:00,A321,A22,3,B8,434.61,,
299,AAL414,8,KPHX,02/18/2017 13:30:00,A320,A6,4,B8,534.5,,
300,AAL1572,8,KPHX,02/18/2017 13:17:00,B738,B14,5,B8,552.52,,
301,AAL625,8,KPHX,02/18/2017 12:15:00,A319,B2,5,B8,578.2,,
302,AAL447,7R,KPHX,02/18/2017 12:00:00,A321,A29,4,G5,892.29,,
303,ASH5844,7R,KPHX,02/18/2017 14:25:00,CRJ9,B3,6,G5,411.03,,
304,ASH6002,8,KPHX,02/18/2017 14:20:00,CRJ9,B9,6,B11,259.87,,
305,AAL436,8,KPHX,02/18/2017 13:01:00,A321,A3,5,B8,561.03,,
306,AAL531,8,KPHX,02/18/2017 12:00:00,A319,A8,4,B8,427.3,,
307,AAL319,8,KPHX,02/18/2017 14:45:00,B738,A11,5,B10,377.25,,
308,AAL493,8,KPHX,02/18/2017 13:55:00,A319,A10,4,B8,476.58,,
309,AAL1778,8,KPHX,02/18/2017 14:00:00,A320,A12,4,B8,335.14,,
310,AAL1456,8,KPHX,02/18/2017 13:15:00,B738,B11,6,B10,364.57,,
311,UAL237,8,KPHX,02/18/2017 15:15:00,B738,6B,8,B8,1063.35,,
312,AAL588,8,KPHX,02/18/2017 14:00:00,A320,B13,6,B10,737.29,,
313,AAL1821,8,KPHX,02/18/2017 13:25:00,A319,A2,4,B8,371.4,,
314,ASH5948,7R,KPHX,02/18/2017 15:41:00,CRJ9,B19,7,G5,485.93,,
315,AAL506,8,KPHX,02/18/2017 11:45:00,A321,A21,4,B8,311.57,,
316,ASH5909,7R,KPHX,02/18/2017 14:35:00,CRJ9,B22,6,G5,413.92,,
317,AAL1431,8,KPHX,02/18/2017 11:25:00,B738,A18,3,B8,466.9,,
318,AAL481,7R,KPHX,02/18/2017 12:25:00,A320,A4,4,G5,962.09,,
319,AAL568,7R,KPHX,02/18/2017 12:00:00,A321,A23,4,G5,909.92,,
320,AAL433,8,KPHX,02/18/2017 12:00:00,A321,A19,4,B8,625.85,,
321,AAL586,7R,KPHX,02/18/2017 13:10:00,A319,B10,5,G5,1043.26,,
322,AAL582,7R,KPHX,02/18/2017 15:40:00,A319,A9,5,G5,1046.43,,
323,CPZ5783,7R,KPHX,02/18/2017 16:00:00,E75S,18,1,G5,403.91,,
324,DAL1546,8,KPHX,02/18/2017 13:15:00,B739,17,2,B8,275.41,,
325,DAL1921,8,KPHX,02/18/2017 13:47:00,A320,23,2,B8,185.36,,
326,ASA636,8,KPHX,02/18/2017 14:55:00,B734,10,9,B8,1020.54,,
327,SWA2267,8,KPHX,02/18/2017 15:00:00,B737,C13,12,B8,1497.35,,
328,SKW5411,7R,KPHX,02/18/2017 16:31:00,E75L,8,8,G5,208.17,,
329,SWA2431,7R,KPHX,02/18/2017 16:25:00,B737,C14,13,G8,948.38,,
330,SWA2030,7R,KPHX,02/18/2017 17:05:00,B733,D3,10,G4,1152.54,,
331,SWA1532,8,KPHX,02/18/2017 14:50:00,B738,D8,11,B8,877.12,,
332,SWA2288,8,KPHX,02/18/2017 15:45:00,B737,C11,12,B8,971.52,,
333,SWA4464,7R,KPHX,02/18/2017 16:05:00,B737,C3,11,G8,765.85,,
334,CPZ5689,8,KPHX,02/18/2017 15:45:00,E75S,17,2,B8,144.11,,
335,SWA3443,8,KPHX,02/18/2017 13:45:00,B737,D7,10,B8,881.61,,
336,SWA1048,7R,KPHX,02/18/2017 16:15:00,B737,C6,12,G8,878.06,,
337,SKW5987,7R,KPHX,02/18/2017 16:15:00,CRJ2,7,9,G5,247.4,,
338,SWA2084,8,KPHX,02/18/2017 15:35:00,B737,C19,12,B8,955.64,,
339,SWA5769,8,KPHX,02/18/2017 16:55:00,B737,D1,10,B8,893.11,,
340,SWA1819,8,KPHX,02/18/2017 17:30:00,B733,D6,11,B8,1365.67,,
341,SWA2549,7R,KPHX,02/18/2017 17:35:00,B737,C17,12,G8,880.09,,
342,AAL1777,8,KPHX,02/18/2017 13:30:00,A320,A6,4,B8,996.92,,
343,SWA5917,7R,KPHX,02/18/2017 16:30:00,B738,C13,12,G8,847.22,,
344,NKS345,8,KPHX,02/18/2017 15:56:00,A320,2,8,B8,1060.0,,
345,SKW3002,8,KPHX,02/18/2017 18:20:00,CRJ7,A1,5,B10,245.91,,
346,AAL776,8,KPHX,02/18/2017 16:37:00,A321,A29,4,B8,387.92,,
347,ASH5719,7R,KPHX,02/18/2017 17:55:00,CRJ9,B5,6,G5,416.47,,
348,AAL1820,7L,KPHX,02/18/2017 17:55:00,A321,A21,4,E9,1326.81,,
349,AAL2527,7R,KPHX,02/18/2017 17:25:00,B738,B14,5,G5,1052.45,,
350,AAL1380,8,KPHX,02/18/2017 16:10:00,B738,A3,5,B8,466.1,,
351,AAL544,8,KPHX,02/18/2017 16:25:00,A321,A7,5,B8,574.64,,
352,AAL483,8,KPHX,02/18/2017 16:35:00,A319,A2,4,B8,458.46,,
353,ASH5879,8,KPHX,02/18/2017 18:00:00,CRJ9,B3,6,B11,194.99,,
354,SWA5901,8,KPHX,02/18/2017 17:45:00,B737,D3,10,B8,851.91,,
355,AAL2399,7R,KPHX,02/18/2017 18:05:00,B738,A25,4,G4,1158.54,,
356,ASA644,8,KPHX,02/18/2017 17:00:00,B739,11,9,B8,1114.05,,
357,ASH5995,7R,KPHX,02/18/2017 18:35:00,CRJ9,B16,6,G5,410.03,,
358,AAL1359,8,KPHX,02/18/2017 18:15:00,B738,B11,6,B10,753.35,,
359,ASH5972,8,KPHX,02/18/2017 17:49:00,CRJ9,B17,7,B11,303.85,,
360,SWA5889,8,KPHX,02/18/2017 17:20:00,B737,D6,11,B8,977.04,,
361,AAL542,7R,KPHX,02/18/2017 16:55:00,A321,A19,4,G5,933.82,,
362,AAL491,7R,KPHX,02/18/2017 18:00:00,B752,A20,3,G4,1314.47,,
363,SWA5134,7L,KPHX,02/18/2017 16:55:00,B737,C16,13,E11,556.01,,
364,SWA972,7R,KPHX,02/18/2017 18:10:00,B737,C6,12,G8,1303.63,,
365,SWA2023,8,KPHX,02/18/2017 18:40:00,B733,C11,12,B8,1448.09,,
366,DAL1772,8,KPHX,02/18/2017 16:06:00,A321,18,1,B8,243.71,,
367,SWA2564,8,KPHX,02/18/2017 18:25:00,B737,C19,12,B8,1439.2,,
368,UAL739,8,KPHX,02/18/2017 18:42:00,B739,5,9,B8,1577.79,,
369,ASH5976,8,KPHX,02/18/2017 18:48:00,CRJ9,B19,7,B11,386.75,,
370,AAL472,8,KPHX,02/18/2017 17:00:00,A321,A23,4,B8,492.96,,
371,SKW3109,7R,KPHX,02/18/2017 19:10:00,CRJ7,B15A,7,G5,617.85,,
372,DAL1769,8,KPHX,02/18/2017 17:17:00,MD90,19,2,B6,767.1,,
373,AAL1618,8,KPHX,02/18/2017 14:30:00,B738,B13,6,B10,759.12,,
374,AAL450,7R,KPHX,02/18/2017 15:45:00,A321,A30,3,G5,896.97,,
375,AAL2023,8,KPHX,02/18/2017 16:50:00,A321,A18,3,B8,418.09,,
376,CPZ5800,7R,KPHX,02/18/2017 19:25:00,E75S,16,1,G5,373.65,,
377,SWA2326,8,KPHX,02/18/2017 18:40:00,B733,C2,12,B8,1479.98,,
378,ASH5736,8,KPHX,02/18/2017 19:15:00,CRJ9,B20,6,B11,407.9,,
379,SKW3029,8,KPHX,02/18/2017 19:10:00,CRJ7,A1,5,B10,314.61,,
380,ASH5949,7R,KPHX,02/18/2017 19:50:00,CRJ9,B5,6,G5,488.1,,
381,SKW3108,7R,KPHX,02/18/2017 18:59:00,CRJ7,B17,7,G5,614.38,,
382,ASH5748,7R,KPHX,02/18/2017 19:20:00,CRJ9,B21,7,G5,617.95,,
383,AAL2407,8,KPHX,02/18/2017 15:30:00,B738,B7,6,B10,747.19,,
384,SWA5836,8,KPHX,02/18/2017 18:05:00,B737,C17,12,B8,1537.41,,
385,ASH5752,8,KPHX,02/18/2017 19:25:00,CRJ9,B3,6,B11,401.07,,
386,SWA5057,8,KPHX,02/18/2017 17:10:00,B737,C13,12,B8,1476.84,,
387,WJA1770,8,KPHX,02/18/2017 17:45:00,B738,B27,7,B11,1307.21,,
388,SWA5552,7R,KPHX,02/18/2017 19:30:00,B737,D8,11,G8,785.75,,
389,ASH5776,7R,KPHX,02/18/2017 17:55:00,CRJ9,B16,6,G5,508.5,,
390,AAL679,8,KPHX,02/18/2017 16:20:00,A321,A7,5,B8,1068.77,,
391,AAL495,7R,KPHX,02/18/2017 16:40:00,A320,A4,4,G4,1303.62,,
392,AAL549,7R,KPHX,02/18/2017 18:15:00,A321,A11,5,G4,1474.72,,
393,SKW3032,7R,KPHX,02/18/2017 19:05:00,CRJ7,B9,6,G5,543.17,,
394,AAL1826,8,KPHX,02/18/2017 15:35:00,A321,A21,4,B8,1021.45,,
395,SWA4014,8,KPHX,02/18/2017 17:40:00,B737,D7,10,B8,1362.88,,
396,SWA55,8,KPHX,02/18/2017 18:35:00,B737,C8,12,B8,1499.47,,
397,SWA739,8,KPHX,02/18/2017 19:35:00,B738,D6,11,B8,871.46,,
398,SWA1297,8,KPHX,02/18/2017 19:25:00,B737,C3,11,B8,979.53,,
399,SWA2141,7R,KPHX,02/18/2017 20:10:00,B737,C19,12,G8,849.96,,
400,NKS939,8,KPHX,02/18/2017 19:47:00,A320,2,8,B8,1084.15,,
401,SWA4927,8,KPHX,02/18/2017 19:00:00,B733,D3,10,B8,814.17,,
402,ASA656,8,KPHX,02/18/2017 19:00:00,B739,10,9,B8,979.31,,
403,AAL612,7R,KPHX,02/18/2017 20:45:00,A320,A2,4,G5,876.48,,
404,AAL551,8,KPHX,02/18/2017 20:50:00,A321,A19,4,B8,455.11,,
405,SWA2312,8,KPHX,02/18/2017 19:35:00,B737,C18,13,B8,1036.22,,
406,CPZ5705,8,KPHX,02/18/2017 19:20:00,E75S,18,1,B7,91.85,,
407,AAL2341,8,KPHX,02/18/2017 19:15:00,B738,B13,6,B10,1120.01,,
408,ASH5944,7R,KPHX,02/18/2017 20:40:00,CRJ9,B16,6,G6,363.38,,
409,SWA5543,8,KPHX,02/18/2017 18:40:00,B738,D1,10,B8,799.39,,
410,AAL985,7R,KPHX,02/18/2017 20:55:00,B738,A22,3,G5,808.79,,
411,UAL611,8,KPHX,02/18/2017 18:31:00,B739,7,9,B8,1008.54,,
412,ASH5989,8,KPHX,02/18/2017 20:30:00,CRJ9,B3,6,B11,211.95,,
413,SWA5126,7R,KPHX,02/18/2017 19:05:00,B737,C17,12,G8,601.63,,
414,AAL1168,7R,KPHX,02/18/2017 21:00:00,B738,B6,5,G5,953.48,,
415,AAL1712,8,KPHX,02/18/2017 20:48:00,A321,A26,3,B8,475.35,,
416,AAL514,8,KPHX,02/18/2017 20:40:00,A319,A6,4,B8,403.41,,
417,AAL429,7R,KPHX,02/18/2017 20:29:00,A321,A21,4,G5,839.55,,
418,AAL1467,7R,KPHX,02/18/2017 20:47:00,B738,A25,4,G6,858.55,,
419,DAL899,8,KPHX,02/18/2017 19:20:00,MD90,15,2,B7,258.2,,
420,AAL634,7R,KPHX,02/18/2017 20:45:00,A319,A10,4,G4,1239.88,,
421,SWA1394,8,KPHX,02/18/2017 18:00:00,B737,C13,12,B8,1017.78,,
422,ASA610,8,KPHX,02/18/2017 20:15:00,B739,11,9,B8,1077.33,,
423,SWA580,7R,KPHX,02/18/2017 20:25:00,B738,C16,13,G8,705.43,,
424,SWA2697,7L,KPHX,02/18/2017 21:45:00,B737,D7,10,E11,472.22,,
425,SWA2291,8,KPHX,02/18/2017 19:40:00,B737,D8,11,B8,1408.35,,
426,AAL552,8,KPHX,02/18/2017 20:45:00,A319,A4,4,B8,517.0,,
427,AAL599,8,KPHX,02/18/2017 20:35:00,A320,A8,4,B8,466.93,,
428,SWA5105,8,KPHX,02/18/2017 20:25:00,B737,D2,11,B8,1413.8,,
429,SKW2900,7R,KPHX,02/18/2017 20:35:00,CRJ7,B1A,6,G5,387.13,,
430,AAL526,8,KPHX,02/18/2017 20:55:00,A319,A12,4,B8,509.26,,
431,ASH5950,7R,KPHX,02/18/2017 22:30:00,CRJ9,B16,6,G5,409.25,,
432,SKW3041,8,KPHX,02/18/2017 22:24:00,CRJ7,B9,6,B11,259.15,,
433,AAL462,8,KPHX,02/18/2017 22:00:00,A321,A24,3,B8,413.99,,
434,DAL1318,7R,KPHX,02/18/2017 22:40:00,B712,17,2,G5,818.37,,
435,SWA5311,8,KPHX,02/18/2017 21:15:00,B737,D6,11,B8,916.0,,
436,SWA4994,7R,KPHX,02/18/2017 22:50:00,B737,C11,12,G8,843.48,,
437,SWA2006,8,KPHX,02/18/2017 22:15:00,B737,C8,12,B8,1507.81,,
438,SWA5748,8,KPHX,02/18/2017 21:30:00,B737,C17,12,B8,954.82,,
439,SWA2657,8,KPHX,02/18/2017 22:00:00,B737,D5,10,B8,918.57,,
440,SWA3245,7R,KPHX,02/18/2017 22:15:00,B738,C3,11,G8,738.75,,
441,SWA2629,8,KPHX,02/18/2017 22:30:00,B738,C7,11,B8,871.31,,
442,AAL644,7R,KPHX,02/18/2017 21:37:00,A319,B2,5,G7,920.58,,
443,SWA5598,8,KPHX,02/18/2017 22:20:00,B737,C6,12,B8,1074.92,,
444,SWA5401,7R,KPHX,02/18/2017 22:30:00,B737,D7,10,G5,762.94,,
445,UAL507,8,KPHX,02/18/2017 22:18:00,B738,3,9,B8,1013.7,,
446,SWA2303,7R,KPHX,02/18/2017 23:00:00,B737,C9,11,G8,784.15,,
447,SKW2898,7R,KPHX,02/18/2017 23:07:00,CRJ7,B3,6,G5,379.68,,
448,ASA172,8,KPHX,02/18/2017 18:45:00,B738,10,9,B8,987.81,,
449,SWA5423,7R,KPHX,02/18/2017 22:55:00,B737,C18,13,G8,853.72,,
450,SWA2391,8,KPHX,02/18/2017 19:40:00,B738,D3,10,B8,895.61,,
451,SKW3050,8,KPHX,02/18/2017 22:30:00,CRJ7,B15A,7,B11,261.44,,
452,SWA1064,8,KPHX,02/18/2017 22:35:00,B737,D2,11,B8,1371.68,,
453,DAL2887,8,KPHX,02/18/2017 20:55:00,A320,19,2,B7,282.84,,
454,SWA5684,8,KPHX,02/18/2017 20:00:00,B737,C16,13,B8,1079.9,,
455,SWA2639,8,KPHX,02/18/2017 21:40:00,B738,C19,12,B8,898.77,,
456,SWA5136,7R,KPHX,02/18/2017 22:30:00,B733,C17,12,G8,755.12,,
457,SWA1949,8,KPHX,02/18/2017 20:50:00,B737,C1,11,B8,951.57,,
458,SWA2151,8,KPHX,02/18/2017 23:15:00,B737,C8,12,B8,947.84,,
459,SWA5493,7R,KPHX,02/18/2017 23:50:00,B733,D8,11,G8,836.18,,
460,AAL853,8,KPHX,02/18/2017 21:24:00,A321,A18,3,B8,287.94,,
461,DAL1115,8,KPHX,02/18/2017 21:30:00,B739,15,2,B8,244.68,,
462,SWA1124,8,KPHX,02/18/2017 21:50:00,B737,D4,11,B8,891.68,,
463,SWA2423,8,KPHX,02/19/2017 00:10:00,B733,D5,10,B8,821.32,,
464,SWA5053,8,KPHX,02/18/2017 21:35:00,B737,D1,10,B8,864.16,,
465,AAL601,8,KPHX,02/18/2017 20:55:00,A319,A6,4,B8,512.47,,
466,ASA688,8,KPHX,02/18/2017 22:55:00,B739,11,9,B8,1008.36,,
467,SWA9007,7R,KPHX,02/18/2017 21:10:00,B737,C11,12,G8,718.9,,
468,AAL486,7R,KPHX,02/18/2017 23:45:00,A321,A22,3,G5,785.07,,
469,AAL490,8,KPHX,02/18/2017 23:05:00,A319,B4,5,B8,577.66,,
470,AAL1744,8,KPHX,02/19/2017 00:30:00,A321,A26,3,B9,293.93,,
471,SKW3046,8,KPHX,02/19/2017 00:59:00,CRJ7,B1A,6,B11,256.65,,
472,AAL1017,8,KPHX,02/18/2017 23:00:00,B738,B11,6,B10,605.93,,
473,SWA5328,8,KPHX,02/18/2017 20:40:00,B738,C13,12,B8,916.61,,
474,ASH5969,7R,KPHX,02/19/2017 00:30:00,CRJ9,B18,6,G5,381.23,,
475,SWA4986,8,KPHX,02/18/2017 21:45:00,B738,D8,11,B8,859.81,,
476,ASH5981,7R,KPHX,02/19/2017 00:20:00,CRJ9,B9,6,G5,409.3,,
477,ASH5905,7R,KPHX,02/19/2017 00:30:00,CRJ9,B20,6,G5,396.27,,
478,DAL1128,8,KPHX,02/19/2017 00:22:00,B712,16,1,B8,206.54,,
479,SKW3104,7R,KPHX,02/19/2017 00:15:00,CRJ7,A1,5,G7,386.24,,
480,AAL1494,7R,KPHX,02/19/2017 00:35:00,B738,B28,6,G5,900.95,,
481,SWA2035,8,KPHX,02/18/2017 21:50:00,B738,D7,10,B8,715.21,,
482,ASH5953,8,KPHX,02/19/2017 00:25:00,CRJ9,B5,6,B11,239.38,,
483,SWA1305,8,KPHX,02/18/2017 23:05:00,B737,C18,13,B8,1508.63,,
484,AAL2549,7R,KPHX,02/19/2017 00:45:00,B738,B6,5,G7,815.81,,
485,SWA1938,8,KPHX,02/18/2017 23:15:00,B737,C17,12,B8,1443.05,,
486,SWA2029,7R,KPHX,02/18/2017 23:45:00,B737,C3,11,G8,673.0,,
487,SWA5407,7R,KPHX,02/18/2017 23:50:00,B737,C16,13,G8,800.83,,
488,AAL590,7R,KPHX,02/19/2017 00:23:00,A320,B10,5,G5,980.51,,
489,AAL614,7R,KPHX,02/19/2017 00:17:00,A320,B2,5,G5,989.38,,
490,AAL1896,7R,KPHX,02/18/2017 23:37:00,A321,A29,4,G5,922.78,,
491,SWA5515,7R,KPHX,02/18/2017 20:50:00,B737,C9,11,G8,662.64,,
492,SKW3054,8,KPHX,02/19/2017 00:26:00,CRJ7,B15A,7,B11,295.65,,
493,SWA3236,8,KPHX,02/19/2017 01:00:00,B737,C8,12,B8,951.26,,
494,SWA5844,8,KPHX,02/19/2017 00:10:00,B737,C4,12,B8,1019.52,,
495,SWA1752,8,KPHX,02/18/2017 21:00:00,B738,C14,13,B8,959.8,,
496,SWA5019,7R,KPHX,02/18/2017 21:30:00,B738,D1,10,G5,674.04,,
497,SWA3038,7R,KPHX,02/19/2017 00:20:00,B737,C19,12,G8,743.33,,
498,SWA4741,8,KPHX,02/18/2017 23:15:00,B733,D3,10,B8,706.17,,
499,SWA5250,8,KPHX,02/19/2017 01:00:00,B737,C6,12,B8,1004.57,,
500,ASH5880,7R,KPHX,02/19/2017 00:25:00,CRJ9,B9,6,G5,389.59,,
501,ASH5755,7R,KPHX,02/19/2017 00:30:00,CRJ9,B17,7,G8,429.7,,
502,ASH5915,8,KPHX,02/18/2017 23:59:00,CRJ9,B16,6,B11,221.44,,
503,AAL602,8,KPHX,02/18/2017 23:15:00,A319,A4,4,B8,351.21,,
504,SKW3061,8,KPHX,02/19/2017 01:40:00,CRJ7,B20,6,B11,258.44,,
505,AAL632,8,KPHX,02/19/2017 00:10:00,A319,A9,5,B8,1091.99,,
506,SWA5435,8,KPHX,02/18/2017 23:35:00,B738,C7,11,B8,755.94,,
507,AAL2519,8,KPHX,02/18/2017 23:40:00,B738,A25,4,B8,380.4,,
508,WJA1914,8,KPHX,02/18/2017 23:45:00,B738,B23,7,B11,689.09,,
509,SWA1333,8,KPHX,02/19/2017 01:20:00,B733,D5,10,B8,933.17,,
510,AAL1322,7L,KPHX,02/18/2017 21:30:00,B738,A30,3,E13,943.49,,
511,AAL627,7R,KPHX,02/18/2017 23:15:00,A319,B12,5,G5,1104.8,,
512,AAL547,8,KPHX,02/18/2017 23:20:00,A321,A27,4,B8,390.23,,
513,ASH5928,7R,KPHX,02/19/2017 01:50:00,CRJ9,B18,6,G6,377.93,,
514,ASH5964,8,KPHX,02/19/2017 01:50:00,CRJ9,A1,5,B10,200.74,,
515,AAL452,8,KPHX,02/18/2017 21:20:00,A321,A24,3,B8,384.3,,
516,AAL516,7R,KPHX,02/18/2017 22:25:00,A321,A11,5,G5,1013.7,,
517,SWA2625,8,KPHX,02/18/2017 21:50:00,B738,D7,10,B8,769.16,,
518,AAL1932,8,KPHX,02/18/2017 22:45:00,A321,A26,3,B8,346.45,,
519,SKW3062,7R,KPHX,02/19/2017 02:15:00,CRJ7,B3,6,G5,409.18,,
520,AAL453,8,KPHX,02/19/2017 00:01:00,A319,B11,6,B10,718.1,,
521,SKW254V,8,KPHX,02/18/2017 20:20:00,CRJ7,B15C,7,B11,301.73,,
522,AAL422,8,KPHX,02/18/2017 23:10:00,A320,B2,5,B8,552.91,,
523,AAL504,8,KPHX,02/19/2017 01:34:00,A319,A6,4,B8,528.5,,
524,SWA2466,8,KPHX,02/19/2017 02:25:00,B737,D6,11,B8,886.98,,
525,SWA4152,8,KPHX,02/18/2017 22:15:00,B737,C8,12,B8,948.7,,
526,AAL1488,8,KPHX,02/18/2017 22:05:00,B738,B14,5,B8,439.57,,
527,SWA4229,7R,KPHX,02/19/2017 02:30:00,B737,D8,11,G8,702.92,,
528,SKW4638,8,KPHX,02/18/2017 23:05:00,E75L,17,2,B8,103.78,,
529,SWA5071,8,KPHX,02/19/2017 02:05:00,B737,C9,11,B8,847.32,,
530,SWA2646,8,KPHX,02/19/2017 01:00:00,B737,C3,11,B8,885.84,,
531,SWA5090,8,KPHX,02/19/2017 03:35:00,B737,C1,11,B8,937.01,,
532,ASH5765,8,KPHX,02/19/2017 03:30:00,CRJ9,B9,6,B11,252.74,,
533,AAL809,8,KPHX,02/19/2017 03:25:00,A321,A7,5,B8,432.35,,
534,AAL1280,8,KPHX,02/19/2017 03:30:00,B738,A3,5,B8,627.27,,
535,AAL480,8,KPHX,02/19/2017 00:55:00,A321,A23,4,B8,438.2,,
536,AAL1319,8,KPHX,02/19/2017 02:15:00,B738,A5,5,B8,570.15,,
537,ASH5860,8,KPHX,02/19/2017 03:15:00,CRJ9,B5,6,B11,250.47,,
538,AAL1246,8,KPHX,02/19/2017 03:20:00,B738,A25,4,B8,439.48,,
539,ASH5968,8,KPHX,02/19/2017 03:30:00,CRJ9,B22,6,B11,248.09,,
540,ASH5911,8,KPHX,02/19/2017 03:25:00,CRJ9,B3,6,B11,231.22,,
541,JBU603,8,KPHX,02/18/2017 22:45:00,A320,26,1,B6,691.39,,
542,AAL513,8,KPHX,02/19/2017 02:25:00,A321,A24,3,B8,361.3,,
543,DAL1594,8,KPHX,02/19/2017 01:30:00,B739,23,2,B8,269.0,,
544,AAL699,8,KPHX,02/19/2017 03:28:00,A320,A8,4,B8,453.76,,
545,ASA622,8,KPHX,02/19/2017 02:35:00,B739,10,9,B8,953.95,,
546,AAL522,8,KPHX,02/19/2017 03:30:00,A319,A9,5,B8,652.69,,
547,SWA1334,7R,KPHX,02/19/2017 04:20:00,B737,C6,12,G8,791.27,,
548,SWA2026,8,KPHX,02/19/2017 04:35:00,B738,D8,11,B8,854.9,,
549,DAL881,8,KPHX,02/19/2017 02:35:00,B752,17,2,B7,303.78,,
550,AAL635,8,KPHX,02/19/2017 01:25:00,A332,B25,7,B8,1031.51,,
551,AAL1908,8,KPHX,02/19/2017 02:20:00,A321,A27,4,B8,326.35,,
552,DAL1258,8,KPHX,02/19/2017 05:00:00,B712,18,1,B8,311.86,,
553,AAL1471,8,KPHX,02/19/2017 01:00:00,B738,A30,3,B8,344.52,,
554,ASA640,8,KPHX,02/19/2017 03:45:00,B734,11,9,B8,1007.26,,
555,NKS167,8,KPHX,02/19/2017 03:04:00,A319,2,8,B8,1004.89,,
556,SKW5430,7R,KPHX,02/19/2017 03:50:00,CRJ7,7,9,G6,201.16,,
557,ASA654,8,KPHX,02/19/2017 04:20:00,B739,11,9,B9,852.62,,
558,FFT757,8,KPHX,02/19/2017 05:00:00,A319,26,1,B7,269.56,,
559,NKS971,7L,KPHX,02/19/2017 05:28:00,A319,1,9,E8,350.03,,
560,SWA1148,8,KPHX,02/18/2017 19:10:00,B737,C16,13,B8,1557.45,,
561,UAL1458,7R,KPHX,02/19/2017 03:45:00,B739,5,9,G5,440.77,,
562,JBU135,8,KPHX,02/19/2017 00:24:00,A320,26,1,B8,311.19,,
563,UAL1229,8,KPHX,02/19/2017 01:29:00,B738,6B,8,B8,958.6,,
564,SKW227M,7L,KPHX,02/19/2017 18:00:00,CRJ7,16,1,,,,
565,AAL631,8,KPHX,02/19/2017 08:10:00,B752,A26,3,B8,966.64,,
566,AAL1709,7L,KPHX,02/19/2017 10:15:00,A319,A2,4,E10,607.25,,
567,AAL2672,8,KPHX,02/19/2017 12:00:00,B738,B11,6,B10,526.1,,
568,AAL1110,8,KPHX,02/19/2017 11:00:00,B738,A25,4,B8,466.22,,
569,ASH5797,7R,KPHX,02/19/2017 12:15:00,CRJ9,B18,6,G5,388.97,,
570,ASH5907,8,KPHX,02/19/2017 13:25:00,CRJ9,B20,6,B11,262.72,,
571,ASH5967,8,KPHX,02/19/2017 14:00:00,CRJ9,B16,6,B11,231.83,,
572,AAL693,8,KPHX,02/19/2017 09:20:00,B752,B28,6,B10,319.1,,
573,AAL595,8,KPHX,02/19/2017 14:00:00,A321,A23,4,B8,356.12,,
574,SKW3022,7R,KPHX,02/19/2017 14:20:00,CRJ7,B22,6,G5,415.72,,
575,SKW3045,8,KPHX,02/19/2017 14:05:00,CRJ7,B15A,7,B11,312.26,,
576,AAL1073,8,KPHX,02/19/2017 13:10:00,B738,B7,6,B10,557.04,,
577,SKW3080,26,KPHX,02/19/2017 14:45:00,CRJ7,B5,6,B8,219.13,,
578,AAL1479,8,KPHX,02/19/2017 14:00:00,B738,B13,6,B10,703.42,,
579,SKW3068,7R,KPHX,02/19/2017 14:15:00,CRJ7,B21,7,G5,511.37,,
580,AAL1025,8,KPHX,02/19/2017 13:00:00,B738,B14,5,B8,557.58,,
581,AAL665,8,KPHX,02/19/2017 13:40:00,A319,A2,4,B8,361.64,,
582,AAL1650,8,KPHX,02/19/2017 14:35:00,A320,A10,4,B8,405.69,,
583,AAL592,8,KPHX,02/19/2017 14:00:00,A319,A17,4,B8,443.89,,
584,AAL770,7R,KPHX,02/19/2017 14:00:00,A319,B6,5,G4,1440.66,,
585,ASH5794,7R,KPHX,02/19/2017 15:01:00,CRJ9,B18,6,G5,411.69,,
586,AAL567,8,KPHX,02/19/2017 14:01:00,A321,A21,4,B8,328.35,,
587,AAL106,8,KPHX,02/19/2017 14:00:00,B738,B11,6,B10,711.94,,
588,SKW3132,8,KPHX,02/19/2017 14:45:00,CRJ2,B15C,7,B11,300.56,,
589,AAL761,8,KPHX,02/19/2017 13:20:00,A321,A19,4,B8,562.83,,
590,AAL2094,8,KPHX,02/19/2017 14:10:00,A320,A8,4,B8,912.5,,
591,ASH5991,8,KPHX,02/19/2017 14:40:00,CRJ9,B9,6,B11,246.18,,
592,ASH5947,7R,KPHX,02/19/2017 14:40:00,CRJ9,B16,6,G5,372.92,,
593,SKW3075,8,KPHX,02/19/2017 15:21:00,CRJ7,B1,6,B11,200.12,,
594,SKW3069,8,KPHX,02/19/2017 15:40:00,CRJ7,B3,6,B11,253.51,,
595,AAL1572,8,KPHX,02/19/2017 13:17:00,B738,B14,5,B8,1231.22,,
596,AAL414,8,KPHX,02/19/2017 13:30:00,A320,B4,5,B8,603.69,,
597,AAL625,8,KPHX,02/19/2017 12:15:00,A319,A2,4,B10,251.75,,
598,AAL447,7R,KPHX,02/19/2017 12:00:00,A321,A23,4,G5,930.18,,
599,ASH5844,8,KPHX,02/19/2017 14:25:00,CRJ9,B16,6,B11,267.58,,
600,AAL319,8,KPHX,02/19/2017 11:00:00,B738,A25,4,B8,1079.15,,
601,AAL531,8,KPHX,02/19/2017 12:00:00,A319,A12,4,B8,895.94,,
602,AAL493,8,KPHX,02/19/2017 13:55:00,A319,A4,4,B8,549.83,,
603,AAL534,7R,KPHX,02/19/2017 14:00:00,A320,B2,5,G5,978.7,,
604,AAL1456,8,KPHX,02/19/2017 13:15:00,B738,A11,5,B8,539.49,,
605,AAL2378,8,KPHX,02/19/2017 11:40:00,B738,A24,3,B8,428.63,,
606,AAL588,8,KPHX,02/19/2017 14:00:00,A320,B6,5,B8,630.86,,
607,AAL1821,8,KPHX,02/19/2017 13:25:00,A319,A10,4,B8,1073.46,,
608,ASH5948,7R,KPHX,02/19/2017 15:41:00,CRJ9,B1A,6,G5,409.69,,
609,CPZ5783,7R,KPHX,02/19/2017 15:50:00,E75S,18,1,G5,380.91,,
610,AAL647,8,KPHX,02/19/2017 12:25:00,A320,B12,5,B8,624.13,,
611,AAL506,8,KPHX,02/19/2017 11:45:00,A321,B13,6,B10,756.52,,
612,ASH5909,7R,KPHX,02/19/2017 14:35:00,CRJ2,B22,6,G5,436.58,,
613,AAL1431,8,KPHX,02/19/2017 11:25:00,B738,B11,6,B10,630.78,,
614,AAL582,7R,KPHX,02/19/2017 12:25:00,A320,A8,4,G5,840.04,,
615,AAL1646,8,KPHX,02/19/2017 12:30:00,A321,A19,4,B8,470.1,,
616,AAL568,8,KPHX,02/19/2017 12:00:00,A321,A30,3,B8,865.29,,
617,AAL433,8,KPHX,02/19/2017 12:00:00,A321,A27,4,B8,471.49,,
618,ASH5816,7R,KPHX,02/19/2017 15:45:00,CRJ9,B19,7,G5,496.08,,
619,AAL586,8,KPHX,02/19/2017 13:10:00,A319,A17,4,B8,557.49,,
620,AAL1468,7R,KPHX,02/19/2017 15:50:00,B738,A5,5,G5,972.61,,
621,AAL448,8,KPHX,02/19/2017 14:50:00,A321,A7,5,B8,555.76,,
622,DAL1546,8,KPHX,02/19/2017 13:15:00,B739,23,2,B7,341.7,,
623,DAL1921,8,KPHX,02/19/2017 13:25:00,A320,16,1,B6,321.84,,
624,SKW5411,8,KPHX,02/19/2017 16:31:00,E75L,8,8,B9,454.95,,
625,SKW5987,8,KPHX,02/19/2017 16:15:00,E75L,7,9,B9,437.21,,
626,DAL2547,8,KPHX,02/19/2017 16:45:00,A320,15,2,B6,755.97,,
627,SWA2987,7R,KPHX,02/19/2017 17:05:00,B737,C2,12,G8,1238.28,,
628,DAL1874,8,KPHX,02/19/2017 15:05:00,B739,18,1,B8,240.97,,
629,SWA5696,8,KPHX,02/19/2017 15:05:00,B738,C18,13,B8,1037.25,,
630,SWA3466,8,KPHX,02/19/2017 17:30:00,B737,D3,10,B8,797.0,,
631,AAL566,8,KPHX,02/19/2017 16:35:00,A321,A18,3,B8,426.6,,
632,AAL1783,8,KPHX,02/19/2017 17:05:00,A321,A22,3,B8,446.19,,
633,AAL1820,8,KPHX,02/19/2017 17:55:00,A321,A26,3,B8,435.5,,
634,AAL2527,8,KPHX,02/19/2017 17:25:00,B738,A25,4,B8,1002.24,,
635,NKS345,8,KPHX,02/19/2017 15:56:00,A320,2,8,B8,1661.1,,
636,AAL483,8,KPHX,02/19/2017 16:35:00,A319,A6,4,B8,449.63,,
637,SWA3103,8,KPHX,02/19/2017 18:20:00,B737,C16,13,B8,1025.36,,
638,AAL2399,7R,KPHX,02/19/2017 18:05:00,B738,A3,5,G4,1452.5,,
639,AAL600,8,KPHX,02/19/2017 14:40:00,A321,A23,4,B8,360.93,,
640,ASH5776,8,KPHX,02/19/2017 17:55:00,CRJ9,B22,6,B11,368.0,,
641,ASH5879,8,KPHX,02/19/2017 17:55:00,CRJ9,B9,6,B11,387.16,,
642,AAL1359,8,KPHX,02/19/2017 18:15:00,B738,B6,5,B8,508.08,,
643,ASH5972,8,KPHX,02/19/2017 17:49:00,CRJ9,B16,6,B11,352.15,,
644,ASA644,8,KPHX,02/19/2017 17:00:00,B739,11,9,B8,1721.29,,
645,WJA1198,8,KPHX,02/19/2017 14:50:00,B737,B23,7,B11,753.55,,
646,AAL542,7R,KPHX,02/19/2017 16:55:00,A321,A7,5,G4,1463.15,,
647,AAL1951,8,KPHX,02/19/2017 15:55:00,A321,A11,5,B8,614.87,,
648,SWA4551,8,KPHX,02/19/2017 17:15:00,B737,C13,12,B8,946.77,,
649,SWA2192,7R,KPHX,02/19/2017 17:40:00,B733,D6,11,G8,716.13,,
650,SWA4423,8,KPHX,02/19/2017 17:30:00,B737,C18,13,B8,1070.54,,
651,DAL1123,8,KPHX,02/19/2017 18:45:00,A320,15,2,B6,814.38,,
652,DAL1772,8,KPHX,02/19/2017 16:06:00,A333,23,2,B8,290.95,,
653,SWA2683,7R,KPHX,02/19/2017 16:10:00,B737,D7,10,G5,774.83,,
654,SWA3744,7L,KPHX,02/19/2017 17:35:00,B737,D3,10,E11,603.48,,
655,SWA2816,7R,KPHX,02/19/2017 17:25:00,B737,C6,12,G8,1233.8,,
656,CPZ5735,8,KPHX,02/19/2017 17:30:00,E75S,16,1,B7,115.35,,
657,ASH5976,8,KPHX,02/19/2017 18:48:00,CRJ9,A1,5,B10,185.12,,
658,AAL472,7R,KPHX,02/19/2017 17:00:00,A321,A24,3,G7,699.79,,
659,SWA3515,8,KPHX,02/19/2017 17:10:00,B737,C4,12,B8,938.37,,
660,SWA3911,7R,KPHX,02/19/2017 19:15:00,B733,C2,12,G8,1263.51,,
661,SKW3109,8,KPHX,02/19/2017 19:10:00,CRJ7,B17,7,B11,412.81,,
662,AAL1618,8,KPHX,02/19/2017 14:30:00,B738,A5,5,B8,630.97,,
663,DAL1769,8,KPHX,02/19/2017 17:20:00,B753,19,2,B6,805.55,,
664,AAL450,8,KPHX,02/19/2017 15:45:00,A321,A30,3,B8,307.53,,
665,ASH5736,8,KPHX,02/19/2017 19:15:00,CRJ9,B9,6,B11,389.15,,
666,ASH5949,7R,KPHX,02/19/2017 19:50:00,CRJ9,B20,6,G5,505.68,,
667,ASH5748,7R,KPHX,02/19/2017 19:20:00,CRJ9,B16,6,G5,536.06,,
668,AAL2548,8,KPHX,02/19/2017 14:55:00,B738,B11,6,B10,550.91,,
669,AAL2407,8,KPHX,02/19/2017 15:30:00,B738,B14,5,B8,1055.17,,
670,SWA4941,8,KPHX,02/19/2017 19:25:00,B737,C16,13,B8,1567.31,,
671,AAL679,8,KPHX,02/19/2017 16:20:00,A321,A19,4,B8,889.89,,
672,SKW3040,25L,KPHX,02/19/2017 19:45:00,CRJ7,B1,6,G4,483.52,,
673,AAL495,8,KPHX,02/19/2017 16:40:00,A320,A12,4,B8,857.06,,
674,AAL549,8,KPHX,02/19/2017 18:15:00,A321,A23,4,B8,1036.48,,
675,SWA4046,8,KPHX,02/19/2017 17:45:00,B738,C9,11,B8,1483.24,,
676,SWA4352,26,KPHX,02/19/2017 16:50:00,B737,C1,11,B8,786.46,,
677,SWA3456,26,KPHX,02/19/2017 17:25:00,B737,D1,10,B10,906.5,,
678,SKW3031,26,KPHX,02/19/2017 20:00:00,CRJ7,B1A,6,B11,114.84,,
679,SKW3108,25L,KPHX,02/19/2017 18:59:00,CRJ7,B18,6,G6,376.14,,
680,SWA5348,25L,KPHX,02/19/2017 17:30:00,B737,C8,12,G3,1245.92,,
681,SWA3420,26,KPHX,02/19/2017 20:00:00,B733,C13,12,B10,1105.68,,
682,SWA3040,25L,KPHX,02/19/2017 20:25:00,B737,C2,12,G4,1042.03,,
683,NKS939,26,KPHX,02/19/2017 19:47:00,A320,2,8,B9,1265.79,,
684,SKW3032,26,KPHX,02/19/2017 19:05:00,CRJ7,B17,7,B8,277.61,,
685,ASH5939,25L,KPHX,02/19/2017 14:15:00,CRJ9,B16,6,G7,353.15,,
686,SWA2684,25L,KPHX,02/19/2017 20:30:00,B738,C18,13,G4,1109.49,,
687,AAL575,25L,KPHX,02/19/2017 19:05:00,A321,A22,3,G7,697.12,,
688,SWA2546,25L,KPHX,02/19/2017 20:35:00,B737,C11,12,G4,1018.91,,
689,ASA656,26,KPHX,02/19/2017 19:00:00,B739,10,9,B8,883.15,,
690,SWA3306,25L,KPHX,02/19/2017 20:45:00,B737,C7,11,G4,943.94,,
691,SKW2900,25L,KPHX,02/19/2017 20:35:00,CRJ7,A1,5,G4,476.43,,
692,CPZ5800,25L,KPHX,02/19/2017 19:25:00,E75S,18,1,G4,437.8,,
693,AAL642,25L,KPHX,02/19/2017 20:45:00,A320,A2,4,G4,1046.25,,
694,SWA2009,26,KPHX,02/19/2017 19:05:00,B733,D7,10,B8,676.35,,
695,AAL551,26,KPHX,02/19/2017 20:50:00,A321,A18,3,B7,536.72,,
696,ASH5929,25L,KPHX,02/19/2017 20:35:00,CRJ9,B18,6,G4,494.25,,
697,SWA4377,25L,KPHX,02/19/2017 20:30:00,B737,C17,12,G4,1050.0,,
698,ASH5923,26,KPHX,02/19/2017 20:35:00,CRJ2,B22,6,B8,228.64,,
699,CPZ5705,26,KPHX,02/19/2017 19:20:00,E75S,16,1,B8,94.26,,
700,ASH5944,25L,KPHX,02/19/2017 20:40:00,CRJ9,B20,6,G4,461.35,,
701,ASH5989,25L,KPHX,02/19/2017 20:30:00,CRJ9,B5,6,G4,471.98,,
702,SWA2344,26,KPHX,02/19/2017 20:50:00,B733,C16,13,B8,944.06,,
703,DAL2046,26,KPHX,02/19/2017 18:40:00,B739,17,2,B7,354.3,,
704,AAL1168,26,KPHX,02/19/2017 21:00:00,B738,A11,5,B7,666.21,,
705,SKW254V,26,KPHX,02/19/2017 20:20:00,CRJ7,B1A,6,B8,234.05,,
706,SWA4455,25L,KPHX,02/19/2017 19:45:00,B737,C19,12,G7,670.68,,
707,AAL1597,26,KPHX,02/19/2017 20:45:00,B738,A21,4,B8,311.64,,
708,AAL1712,25L,KPHX,02/19/2017 20:48:00,A321,A29,4,G4,1021.61,,
709,AAL514,26,KPHX,02/19/2017 20:40:00,A319,A6,4,B8,369.0,,
710,SWA2653,25L,KPHX,02/19/2017 17:50:00,B738,C14,13,G5,911.98,,
711,SWA3288,25L,KPHX,02/19/2017 20:45:00,B737,C4,12,G4,1056.66,,
712,DAL899,26,KPHX,02/19/2017 19:20:00,B752,15,2,B11,453.3,,
713,AAL429,26,KPHX,02/19/2017 20:29:00,A321,A26,3,B7,528.68,,
714,AAL1467,26,KPHX,02/19/2017 20:47:00,B738,B14,5,B6,821.98,,
715,AAL628,26,KPHX,02/19/2017 18:00:00,A321,A7,5,B7,656.1,,
716,AAL634,26,KPHX,02/19/2017 20:45:00,A319,A9,5,B8,445.69,,
717,AAL574,26,KPHX,02/19/2017 20:51:00,A320,B10,5,B8,448.11,,
718,SWA2884,26,KPHX,02/19/2017 20:30:00,B737,C13,12,B8,877.5,,
719,AAL500,26,KPHX,02/19/2017 20:49:00,A319,B2,5,B8,476.71,,
720,SWA2498,25R,KPHX,02/19/2017 21:10:00,B737,C8,12,E8,771.05,,
721,SWA3199,25R,KPHX,02/19/2017 21:50:00,B737,C2,12,E8,766.6,,
722,ASA610,26,KPHX,02/19/2017 20:15:00,B739,11,9,B7,1178.87,,
723,SWA3754,25L,KPHX,02/19/2017 20:45:00,B737,D3,10,G4,892.86,,
724,SWA3526,26,KPHX,02/19/2017 21:15:00,B737,C18,13,B8,923.33,,
725,DAL1318,25L,KPHX,02/19/2017 22:10:00,B712,18,1,G4,1053.41,,
726,SWA4507,26,KPHX,02/19/2017 18:35:00,B738,C19,12,B7,1108.64,,
727,SWA4525,26,KPHX,02/19/2017 21:05:00,B737,D7,10,B8,700.53,,
728,AAL711,26,KPHX,02/19/2017 19:40:00,A321,A19,4,B7,652.8,,
729,AAL552,26,KPHX,02/19/2017 20:45:00,A319,A4,4,B8,374.49,,
730,AAL502,26,KPHX,02/19/2017 20:35:00,A320,B12,5,B8,475.57,,
731,ASH5745,25L,KPHX,02/19/2017 21:15:00,CRJ9,B18,6,G4,463.9,,
732,AAL1072,26,KPHX,02/19/2017 18:10:00,B738,B13,6,B7,866.38,,
733,AAL526,26,KPHX,02/19/2017 20:55:00,A319,A8,4,B8,373.13,,
734,AAL1458,26,KPHX,02/19/2017 18:10:00,B738,A23,4,B7,658.03,,
735,AAL601,25L,KPHX,02/19/2017 20:55:00,A319,A17,4,G4,1035.49,,
736,SWA4175,26,KPHX,02/19/2017 22:50:00,B737,D8,11,B8,803.26,,
737,ASH5963,25L,KPHX,02/19/2017 22:30:00,CRJ9,B9,6,G4,470.34,,
738,AAL583,26,KPHX,02/19/2017 20:30:00,A319,B4,5,B8,483.47,,
739,SKW3051,25L,KPHX,02/19/2017 23:05:00,CRJ7,A1,5,G4,494.94,,
740,AAL686,25L,KPHX,02/19/2017 21:15:00,A321,A20,3,G4,1009.59,,
741,AAL462,26,KPHX,02/19/2017 22:00:00,A321,A24,3,B7,630.63,,
742,AAL695,26,KPHX,02/19/2017 18:30:00,A321,A27,4,B6,727.98,,
743,AAL1034,26,KPHX,02/19/2017 20:40:00,B738,A5,5,B8,417.92,,
744,SWA4581,25L,KPHX,02/19/2017 23:00:00,B737,C2,12,G4,1049.0,,
745,AAL644,25L,KPHX,02/19/2017 21:37:00,A319,A9,5,G4,1137.75,,
746,SWA5300,26,KPHX,02/19/2017 20:40:00,B737,D6,11,B10,997.34,,
747,SWA1174,25L,KPHX,02/19/2017 22:30:00,B737,C6,12,G4,1015.14,,
748,SWA4634,25L,KPHX,02/19/2017 23:00:00,B737,C11,12,G4,1022.01,,
749,AAL2581,26,KPHX,02/19/2017 19:05:00,B738,B6,5,B7,742.62,,
750,SKW3050,26,KPHX,02/19/2017 22:30:00,CRJ7,B1A,6,B8,224.96,,
751,SKW2898,26,KPHX,02/19/2017 23:07:00,CRJ7,B3,6,B8,222.06,,
752,SKW3041,26,KPHX,02/19/2017 22:24:00,CRJ7,B16,6,B8,231.86,,
753,DAL2887,26,KPHX,02/19/2017 20:30:00,A320,17,2,B7,370.18,,
754,SWA4457,26,KPHX,02/19/2017 21:00:00,B738,C17,12,B8,820.79,,
755,SWA4380,26,KPHX,02/19/2017 23:45:00,B737,D1,10,B9,634.49,,
756,SWA4712,25L,KPHX,02/19/2017 23:45:00,B737,C9,11,G4,990.57,,
757,FFT755,26,KPHX,02/19/2017 22:56:00,A320,25,2,B7,369.49,,
758,AAL521,26,KPHX,02/19/2017 19:36:00,A321,A22,3,B11,427.05,,
759,AAL2306,26,KPHX,02/19/2017 22:30:00,B738,A25,4,B9,277.29,,
760,AAL853P,26,KPHX,02/19/2017 21:24:00,A321,A7,5,B6,807.2,,
761,SWA3266,26,KPHX,02/19/2017 22:50:00,B737,C8,12,B10,1072.5,,
762,DAL1115,26,KPHX,02/19/2017 21:30:00,B739,23,2,B7,340.63,,
763,ASA688,26,KPHX,02/19/2017 22:55:00,B739,11,9,B7,1120.58,,
764,AAL486,26,KPHX,02/19/2017 23:45:00,A321,A18,3,B7,529.32,,
765,AAL490,26,KPHX,02/19/2017 23:05:00,A319,A2,4,B8,387.24,,
766,SWA4349,26,KPHX,02/19/2017 23:20:00,B738,C19,12,B7,1087.09,,
767,SWA3907,26,KPHX,02/20/2017 00:45:00,B737,C13,12,B8,829.83,,
768,SKW3046,26,KPHX,02/20/2017 00:59:00,CRJ7,B17,7,B8,280.92,,
769,AAL1744,26,KPHX,02/20/2017 00:30:00,A321,A21,4,B7,609.79,,
770,AAL1017,26,KPHX,02/19/2017 23:00:00,B738,B11,6,B7,860.5,,
771,SWA4574,25L,KPHX,02/19/2017 22:40:00,B738,C6,12,G3,1244.69,,
772,ASH5969,25L,KPHX,02/20/2017 00:30:00,CRJ9,B19,7,G4,550.02,,
773,SKW3029,26,KPHX,02/19/2017 19:10:00,CRJ7,B1,6,B7,347.71,,
774,ASH5981,25R,KPHX,02/20/2017 00:20:00,CRJ9,B9,6,E9,291.96,,
775,ASH5714,25L,KPHX,02/20/2017 00:55:00,CRJ9,B15A,7,G4,605.37,,
776,ASH5905,25L,KPHX,02/20/2017 00:30:00,CRJ9,B20,6,G4,457.74,,
777,AAL458,25L,KPHX,02/20/2017 00:20:00,A321,A19,4,G4,1040.45,,
778,SWA4327,25L,KPHX,02/20/2017 00:50:00,B737,C17,12,G3,1318.55,,
779,AAL1494,25L,KPHX,02/20/2017 00:35:00,B738,B13,6,G3,1397.29,,
780,ASH5953,26,KPHX,02/20/2017 00:25:00,CRJ9,B3,6,B8,233.11,,
781,SWA5068,26,KPHX,02/20/2017 00:20:00,B737,D6,11,B8,771.5,,
782,SWA5380,26,KPHX,02/19/2017 22:25:00,B738,D1,10,B7,883.02,,
783,SWA3660,25L,KPHX,02/19/2017 23:40:00,B738,C7,11,G2,1434.52,,
784,AAL545,26,KPHX,02/20/2017 00:25:00,A321,A29,4,B7,650.87,,
785,AAL2549,26,KPHX,02/20/2017 00:45:00,B738,B6,5,B6,834.26,,
786,AAL494,26,KPHX,02/19/2017 21:25:00,B752,A30,3,B8,288.64,,
787,ASH5938,26,KPHX,02/20/2017 00:10:00,CRJ9,B5,6,B7,349.97,,
788,AAL1355,26,KPHX,02/19/2017 23:35:00,B738,A5,5,B7,768.83,,
789,SWA3411,26,KPHX,02/19/2017 23:30:00,B737,C9,11,B7,957.69,,
790,AAL590,26,KPHX,02/20/2017 00:23:00,A320,A9,5,B7,677.18,,
791,AAL614,25R,KPHX,02/20/2017 00:17:00,A320,A17,4,E8,731.66,,
792,SWA3786,25R,KPHX,02/20/2017 00:15:00,B737,C2,12,E8,773.01,,
793,SWA3567,25R,KPHX,02/19/2017 23:40:00,B738,C8,12,E8,716.82,,
794,SWA3297,26,KPHX,02/20/2017 00:05:00,B737,D7,10,B8,723.04,,
795,AAL1896,25L,KPHX,02/19/2017 23:37:00,A321,A26,3,G3,1314.0,,
796,AAL777,26,KPHX,02/19/2017 20:55:00,B752,A20,3,B7,625.63,,
797,SWA4713,26,KPHX,02/19/2017 22:10:00,B738,D8,11,B7,1016.44,,
798,SWA5403,25R,KPHX,02/20/2017 00:40:00,B737,C18,13,E5,1325.94,,
799,SWA2741,26,KPHX,02/19/2017 23:10:00,B738,D3,10,B7,877.22,,
800,SWA3077,26,KPHX,02/20/2017 01:35:00,B737,C11,12,B7,1054.48,,
801,SWA3152,25R,KPHX,02/20/2017 00:55:00,B737,D5,10,E8,576.81,,
802,SKW3054,26,KPHX,02/20/2017 00:26:00,CRJ2,B15C,7,B8,262.84,,
803,SKW3061,26,KPHX,02/20/2017 01:40:00,CRJ7,B17,7,B7,384.49,,
804,AAL1967,26,KPHX,02/19/2017 22:20:00,A321,A22,3,B7,518.96,,
805,ASH5880,25R,KPHX,02/20/2017 00:25:00,CRJ9,B19,7,E6,538.38,,
806,ASH5755,25L,KPHX,02/20/2017 00:30:00,CRJ9,B5,6,G4,458.94,,
807,SWA3489,25R,KPHX,02/20/2017 01:20:00,B737,C13,12,E8,750.33,,
808,ASH5915,26,KPHX,02/19/2017 23:59:00,CRJ9,B16,6,B8,222.26,,
809,SWA5224,25L,KPHX,02/20/2017 01:55:00,B737,C4,12,G5,815.73,,
810,AAL672,26,KPHX,02/19/2017 22:40:00,A320,B10,5,B7,697.65,,
811,AAL1805,26,KPHX,02/19/2017 22:25:00,A320,B4,5,B7,653.32,,
812,AAL632,26,KPHX,02/20/2017 00:10:00,A319,A4,4,B8,371.49,,
813,SKW3104,25L,KPHX,02/20/2017 00:15:00,CRJ7,B1A,6,G3,586.95,,
814,SWA3990,26,KPHX,02/20/2017 00:30:00,B737,C16,13,B7,1175.03,,
815,AAL1322,7L,KPHX,02/19/2017 21:30:00,B738,A23,4,E9,1336.67,,
816,AAL563,26,KPHX,02/19/2017 22:00:00,A321,A19,4,B7,562.11,,
817,AAL528,26,KPHX,02/19/2017 22:30:00,A319,A2,4,B11,364.92,,
818,AAL627,26,KPHX,02/19/2017 23:15:00,A319,A6,4,B8,388.12,,
819,AAL547,26,KPHX,02/19/2017 23:20:00,A321,A3,5,B7,729.7,,
820,SWA1747,25L,KPHX,02/20/2017 00:30:00,B737,D6,11,G4,960.47,,
821,AAL452,26,KPHX,02/19/2017 21:20:00,A321,A11,5,B7,660.62,,
822,AAL1488,26,KPHX,02/19/2017 22:05:00,B738,B11,6,B7,767.78,,
823,AAL1932,26,KPHX,02/19/2017 22:45:00,A321,A21,4,B6,713.92,,
824,SKW3062,26,KPHX,02/20/2017 02:15:00,CRJ7,B9,6,B8,237.8,,
825,SKW3056,26,KPHX,02/20/2017 02:24:00,CRJ7,B15A,7,B8,257.5,,
826,AAL453,26,KPHX,02/20/2017 00:01:00,A319,B12,5,B8,438.71,,
827,AAL626,25L,KPHX,02/20/2017 01:50:00,A321,A29,4,G4,1056.19,,
828,AAL422,26,KPHX,02/19/2017 23:10:00,A320,A17,4,B7,617.3,,
829,SKW3036,26,KPHX,02/20/2017 00:20:00,CRJ7,B3,6,B8,223.35,,
830,AAL504,26,KPHX,02/20/2017 01:34:00,A320,B2,5,B8,490.56,,
831,AAL550,25L,KPHX,02/20/2017 00:46:00,A321,B13,6,G4,1105.3,,
832,SWA2194,25L,KPHX,02/20/2017 01:05:00,B733,D4,11,G4,957.62,,
833,SWA3339,26,KPHX,02/20/2017 01:40:00,B738,C9,11,B7,973.07,,
834,SWA4978,26,KPHX,02/19/2017 23:40:00,B738,D1,10,B7,885.4,,
835,SWA5620,26,KPHX,02/20/2017 00:05:00,B737,C19,12,B8,863.3,,
836,SWA5462,25R,KPHX,02/19/2017 23:15:00,B738,C17,12,E7,931.92,,
837,SWA4931,25R,KPHX,02/19/2017 22:45:00,B738,D7,10,E7,802.34,,
838,SWA2738,26,KPHX,02/19/2017 23:40:00,B737,D5,10,B8,714.82,,
839,SWA4866,26,KPHX,02/20/2017 02:45:00,B733,C18,13,B8,955.98,,
840,SWA5310,26,KPHX,02/19/2017 23:30:00,B737,C4,12,B8,828.3,,
841,SWA5673,25L,KPHX,02/19/2017 23:20:00,B737,C7,11,G4,916.81,,
842,SWA4086,26,KPHX,02/20/2017 00:20:00,B737,D3,10,B7,983.37,,
843,SWA5553,25R,KPHX,02/20/2017 01:50:00,B738,C6,12,E7,857.78,,
844,SWA5588,25R,KPHX,02/20/2017 01:40:00,B737,C2,12,E8,705.56,,
845,SWA3496,7R,KPHX,02/20/2017 01:35:00,B737,C8,12,G8,861.93,,
846,SWA5476,26,KPHX,02/20/2017 03:00:00,B737,D6,11,B7,1042.04,,
847,DAL2559,8,KPHX,02/20/2017 00:20:00,B739,16,1,B7,226.47,,
848,JBU603,8,KPHX,02/19/2017 22:45:00,A320,26,1,B7,232.63,,
849,HAL36,8,KPHX,02/19/2017 23:05:00,B763,24,1,B8,361.93,,
850,AAL1881,26,KPHX,02/19/2017 23:00:00,B752,A26,3,B6,682.24,,
851,SWA3423,26,KPHX,02/20/2017 02:40:00,B738,C13,12,B7,1021.22,,
852,AAL1384,8,KPHX,02/20/2017 01:59:00,B738,B11,6,B10,679.82,,
853,AAL809,7R,KPHX,02/20/2017 03:25:00,A321,A18,3,G5,802.56,,
854,AAL2042,8,KPHX,02/20/2017 03:30:00,A319,A4,4,B8,357.86,,
855,AAL1280,8,KPHX,02/20/2017 03:30:00,B738,B14,5,B8,593.94,,
856,ASH5860,8,KPHX,02/20/2017 03:15:00,CRJ9,B5,6,B11,314.85,,
857,AAL637,8,KPHX,02/20/2017 03:45:00,A321,A23,4,B8,326.39,,
858,AAL1246,8,KPHX,02/20/2017 03:20:00,B738,A30,3,B8,488.17,,
859,ASH5968,7R,KPHX,02/20/2017 03:30:00,CRJ9,B9,6,G5,390.56,,
860,SWA4783,8,KPHX,02/20/2017 04:05:00,B733,D5,10,B8,824.64,,
861,DAL781,8,KPHX,02/20/2017 03:40:00,B712,18,1,B7,243.88,,
862,SWA3220,7R,KPHX,02/20/2017 04:00:00,B737,C17,12,G8,825.63,,
863,AAL480,8,KPHX,02/20/2017 00:55:00,A321,A29,4,B8,550.29,,
864,AAL522,8,KPHX,02/20/2017 03:30:00,A319,A5,5,B8,665.33,,
865,AAL699,7R,KPHX,02/20/2017 03:28:00,A319,A2,4,G5,939.12,,
866,SWA5481,7R,KPHX,02/20/2017 04:10:00,B737,D7,10,G5,769.88,,
867,ASA622,8,KPHX,02/20/2017 02:35:00,B739,11,9,B8,1102.97,,
868,SWA4111,8,KPHX,02/20/2017 01:45:00,B737,D1,10,B8,912.27,,
869,AAL564,8,KPHX,02/20/2017 03:29:00,A319,A12,4,B8,461.56,,
870,SWA3099,7R,KPHX,02/20/2017 03:45:00,B737,D3,10,G5,779.14,,
871,DAL2435,8,KPHX,02/20/2017 00:30:00,B738,17,2,B8,272.63,,
872,SKW4682,8,KPHX,02/20/2017 02:55:00,E75L,15,2,B8,138.07,,
873,SWA4425,8,KPHX,02/20/2017 03:45:00,B733,D6,11,B8,1352.48,,
874,DAL881,8,KPHX,02/20/2017 02:35:00,B763,23,2,B8,330.71,,
875,JBU135,8,KPHX,02/20/2017 00:24:00,A320,26,1,B6,731.15,,
876,DAL688,8,KPHX,02/20/2017 01:37:00,B738,19,2,B8,160.82,,
877,DAL2167,8,KPHX,02/20/2017 02:01:00,A321,18,1,B8,225.77,,
878,AAL635,8,KPHX,02/20/2017 01:25:00,A332,B25,7,B10,772.21,,
879,SWA3371,7R,KPHX,02/20/2017 04:35:00,B737,D8,11,G8,716.63,,
880,SWA4934,8,KPHX,02/20/2017 01:15:00,B737,C7,11,B8,977.74,,
881,SWA252,7R,KPHX,02/20/2017 04:25:00,B737,C6,12,G8,782.12,,
882,AAL1908,8,KPHX,02/20/2017 02:20:00,A321,A19,4,B8,328.38,,
883,SKW4997,8,KPHX,02/20/2017 05:00:00,CRJ7,15,2,B8,144.38,,
884,ASA640,8,KPHX,02/20/2017 03:45:00,B737,11,9,B8,1000.6,,
885,AAL1471,8,KPHX,02/20/2017 01:00:00,B738,B7,6,B10,651.4,,
886,ASH5815,8,KPHX,02/20/2017 03:20:00,CRJ9,B9,6,B11,270.79,,
887,NKS167,8,KPHX,02/20/2017 03:04:00,A319,2,8,B8,1136.1,,
888,SWA4510,8,KPHX,02/20/2017 03:05:00,B738,C3,11,B8,911.3,,
889,SWA5662,8,KPHX,02/20/2017 05:35:00,B737,C2,12,B8,965.83,,
890,SWA2901,7L,KPHX,02/20/2017 05:05:00,B738,C9,11,E11,444.45,,
891,ASA654,8,KPHX,02/20/2017 04:20:00,B739,10,9,B8,926.0,,
892,AAL889,8,KPHX,02/20/2017 04:25:00,A321,A22,3,B8,312.98,,
893,SWA4161,7L,KPHX,02/20/2017 05:55:00,B737,C8,12,E11,684.87,,
894,SKW5906,7R,KPHX,02/20/2017 06:30:00,E75L,7,9,G5,194.08,,
895,SWA4330,8,KPHX,02/19/2017 16:20:00,B737,C7,11,B8,1007.02,,
896,UAL739,7R,KPHX,02/19/2017 18:47:00,B739,3,9,G4,596.29,,
897,UAL2380,25L,KPHX,02/19/2017 19:30:00,A320,5,9,G3,569.75,,
898,UAL611,26,KPHX,02/19/2017 18:24:00,B739,7,9,B8,938.85,,
899,UAL1141,26,KPHX,02/19/2017 21:15:00,A319,3,9,B8,903.06,,
900,UAL507,25L,KPHX,02/19/2017 22:23:00,A319,5,9,G3,603.76,,
901,UAL1811,26,KPHX,02/19/2017 22:32:00,A319,7,9,B8,896.09,,
902,UAL1603,26,KPHX,02/19/2017 22:55:00,A320,3,9,B7,1124.96,,
903,UAL594,25R,KPHX,02/20/2017 02:23:00,B738,8,8,E7,241.94,,
904,UAL483,8,KPHX,02/20/2017 01:29:00,B739,7,9,B8,989.67,,
905,UAL1458,7R,KPHX,02/20/2017 03:45:00,B738,8,8,G5,424.8,,
906,UAL867,7R,KPHX,02/20/2017 03:50:00,B738,5,9,G5,452.32,,
907,UAL716,8,KPHX,02/20/2017 05:16:00,B738,6B,8,B8,1078.7,,
908,AAL2672,8,KPHX,02/20/2017 12:00:00,B738,A25,4,B8,972.25,,
909,ASH5874,8,KPHX,02/20/2017 12:15:00,CRJ9,B18,6,B11,419.14,,
910,AAL1110,8,KPHX,02/20/2017 11:00:00,B738,B11,6,B10,716.14,,
911,ASH5797,8,KPHX,02/20/2017 12:15:00,CRJ9,B17,7,B11,198.31,,
912,ASH5907,8,KPHX,02/20/2017 13:25:00,CRJ9,B20,6,B11,271.11,,
913,ASH5967,8,KPHX,02/20/2017 14:00:00,CRJ9,A1,5,B10,175.97,,
914,AAL693,8,KPHX,02/20/2017 09:20:00,B752,A29,4,B8,940.56,,
915,AAL1598,8,KPHX,02/20/2017 13:35:00,B738,B13,6,B10,1216.98,,
916,AAL595,8,KPHX,02/20/2017 14:00:00,A321,A18,3,B8,1001.21,,
917,AAL1025,7R,KPHX,02/20/2017 14:15:00,B738,B26,6,G4,1429.7,,
918,SKW3068,8,KPHX,02/20/2017 14:15:00,CRJ7,B22,6,B11,372.81,,
919,ASH5939,7R,KPHX,02/20/2017 14:15:00,CRJ9,B3,6,G5,511.11,,
920,SKW3024,8,KPHX,02/20/2017 15:00:00,CRJ7,B1,6,B11,115.55,,
921,AAL1479,8,KPHX,02/20/2017 14:00:00,B738,B14,5,B8,907.1,,
922,AAL665,8,KPHX,02/20/2017 13:40:00,A319,B8,5,B8,692.54,,
923,AAL592,8,KPHX,02/20/2017 14:00:00,A319,A2,4,B8,975.87,,
924,SKW3022,7R,KPHX,02/20/2017 14:20:00,CRJ7,B9,6,G5,528.81,,
925,AAL770,7R,KPHX,02/20/2017 14:00:00,A319,A10,4,G4,1384.77,,
926,ASH5794,7R,KPHX,02/20/2017 15:01:00,CRJ9,A1,5,G7,327.2,,
927,AAL567,8,KPHX,02/20/2017 14:01:00,A321,A24,3,B8,924.4,,
928,SKW3132,8,KPHX,02/20/2017 14:45:00,CRJ2,B15B,7,B11,413.88,,
929,DAL1514,8,KPHX,02/20/2017 12:55:00,MD90,17,2,B6,823.92,,
930,AAL761,8,KPHX,02/20/2017 13:20:00,A321,A7,5,B8,1064.46,,
931,AAL2094,7R,KPHX,02/20/2017 14:10:00,A320,A9,5,G4,1409.99,,
932,ASH5991,8,KPHX,02/20/2017 14:40:00,CRJ9,B5,6,B11,377.49,,
933,AAL106,7R,KPHX,02/20/2017 14:45:00,B738,A11,5,G4,1503.18,,
934,ASH5947,7R,KPHX,02/20/2017 14:40:00,CRJ9,B7,6,G5,525.85,,
935,AAL1572,8,KPHX,02/20/2017 13:17:00,B738,A30,3,B8,903.68,,
936,AAL414,8,KPHX,02/20/2017 13:30:00,A320,B4,5,B8,1040.11,,
937,AAL625,8,KPHX,02/20/2017 12:15:00,A319,A4,4,B8,538.86,,
938,AAL447,8,KPHX,02/20/2017 12:00:00,A321,A29,4,B8,315.92,,
939,ASH5844,7R,KPHX,02/20/2017 14:25:00,CRJ9,B3,6,G5,522.45,,
940,AAL436,8,KPHX,02/20/2017 13:01:00,A321,A22,3,B8,957.63,,
941,AAL1468,8,KPHX,02/20/2017 11:00:00,B738,B13,6,B10,1182.21,,
942,AAL531,8,KPHX,02/20/2017 12:00:00,A319,B10,5,B8,1077.69,,
943,AAL319,8,KPHX,02/20/2017 14:45:00,B738,A25,4,B8,965.98,,
944,AAL493,8,KPHX,02/20/2017 13:55:00,A319,B6,5,B8,1082.69,,
945,AAL534,7R,KPHX,02/20/2017 14:00:00,A320,A2,4,G4,1298.64,,
946,AAL1456,8,KPHX,02/20/2017 13:15:00,B738,A19,4,B8,1043.84,,
947,AAL2378,8,KPHX,02/20/2017 11:40:00,B738,A18,3,B8,956.88,,
948,AAL588,8,KPHX,02/20/2017 14:00:00,A320,A9,5,B8,1256.52,,
949,SWA207,7L,KPHX,02/20/2017 15:40:00,B737,D5,10,E11,1115.45,,
950,AAL1821,8,KPHX,02/20/2017 13:25:00,A319,B12,5,B8,1078.85,,
951,ASH5896,7R,KPHX,02/20/2017 16:11:00,CRJ9,A1,5,G7,559.13,,
952,AAL647,8,KPHX,02/20/2017 12:25:00,A320,A6,4,B10,317.66,,
953,AAL506,8,KPHX,02/20/2017 11:45:00,A321,A7,5,B8,544.3,,
954,ASH5956,7R,KPHX,02/20/2017 15:40:00,CRJ9,B18,6,G5,513.24,,
955,CPZ5783,8,KPHX,02/20/2017 16:00:00,E170,17,2,B8,139.32,,
956,ASH5909,7R,KPHX,02/20/2017 14:35:00,CRJ2,B17,7,G5,620.39,,
957,AAL1431,8,KPHX,02/20/2017 11:25:00,B738,B14,5,B8,1149.84,,
958,AAL582,8,KPHX,02/20/2017 12:25:00,A320,A8,4,B8,473.2,,
959,AAL1646,8,KPHX,02/20/2017 12:30:00,A321,A21,4,B8,1014.37,,
960,SKW3069,8,KPHX,02/20/2017 15:40:00,CRJ7,B1,6,B11,382.37,,
961,AAL433,8,KPHX,02/20/2017 12:00:00,A321,A11,5,B8,1092.59,,
962,AAL568,7R,KPHX,02/20/2017 12:00:00,A321,A3,5,G5,960.78,,
963,ASH5906,7R,KPHX,02/20/2017 13:49:00,CRJ9,B20,6,G5,413.19,,
964,SKW3075,8,KPHX,02/20/2017 15:21:00,CRJ7,B19,7,B11,430.08,,
965,ASH5816,7R,KPHX,02/20/2017 15:45:00,CRJ9,B5,6,G5,513.86,,
966,AAL586,8,KPHX,02/20/2017 13:10:00,A319,B8,5,B8,1038.29,,
967,SWA1222,7R,KPHX,02/20/2017 16:20:00,B737,C19,12,G8,1301.68,,
968,ASA636,8,KPHX,02/20/2017 14:55:00,B739,10,9,B8,1059.21,,
969,SWA1302,8,KPHX,02/20/2017 16:25:00,B737,D3,10,B8,845.08,,
970,DAL1921,8,KPHX,02/20/2017 13:25:00,A320,16,1,B7,247.23,,
971,AAL448,7R,KPHX,02/20/2017 14:50:00,A321,A23,4,G4,1352.4,,
972,SWA159,8,KPHX,02/20/2017 15:15:00,B737,D1,10,B8,817.3,,
973,DAL1546,8,KPHX,02/20/2017 13:15:00,B752,23,2,B8,177.27,,
974,SWA1131,8,KPHX,02/20/2017 14:00:00,B738,C9,11,B8,913.58,,
975,SWA245,8,KPHX,02/20/2017 16:20:00,B733,D5,10,B8,830.02,,
976,SWA1411,8,KPHX,02/20/2017 15:10:00,B737,D7,10,B8,948.66,,
977,SKW5411,8,KPHX,02/20/2017 16:31:00,E75L,8,8,B9,467.82,,
978,SWA1787,8,KPHX,02/20/2017 16:20:00,B737,C14,13,B8,1542.14,,
979,SWA3816,7L,KPHX,02/20/2017 15:30:00,B737,C2,12,E11,1131.3,,
980,DAL1874,8,KPHX,02/20/2017 15:05:00,B739,18,1,B6,799.1,,
981,CPZ5689,8,KPHX,02/20/2017 15:45:00,E75S,19,2,B8,280.94,,
982,SWA198,8,KPHX,02/20/2017 17:05:00,B737,C17,12,B8,1397.25,,
983,SWA653,8,KPHX,02/20/2017 17:20:00,B737,C3,11,B8,1580.84,,
984,SWA4069,7R,KPHX,02/20/2017 16:50:00,B737,C11,12,G8,795.79,,
985,SWA1437,8,KPHX,02/20/2017 15:00:00,B737,D4,11,B8,888.05,,
986,DAL2154,8,KPHX,02/20/2017 13:05:00,B752,15,2,B6,375.94,,
987,SWA1776,7R,KPHX,02/20/2017 17:35:00,B737,C8,12,G8,808.47,,
988,SWA9012,7R,KPHX,02/20/2017 17:40:00,B733,C6,12,G8,1200.54,,
989,SWA4234,8,KPHX,02/20/2017 15:15:00,B738,C19,12,B8,1019.02,,
990,ASH5948,7R,KPHX,02/20/2017 15:41:00,CRJ9,B5,6,G5,391.76,,
991,SWA1605,8,KPHX,02/20/2017 18:00:00,B738,C7,11,B8,902.08,,
992,SWA1111,8,KPHX,02/20/2017 17:40:00,B737,D2,11,B8,908.56,,
993,ASH5719,8,KPHX,02/20/2017 17:55:00,CRJ9,B18,6,B11,262.96,,
994,AAL1820,7L,KPHX,02/20/2017 17:55:00,A321,A11,5,,,,
995,AAL2527,8,KPHX,02/20/2017 17:25:00,B738,A25,4,B8,526.51,,
996,ASA644,8,KPHX,02/20/2017 17:00:00,B739,11,9,B8,1584.07,,
997,SKW3002,8,KPHX,02/20/2017 18:20:00,CRJ7,B9,6,B11,241.78,,
998,AAL544,8,KPHX,02/20/2017 16:25:00,A321,A21,4,B8,1015.8,,
999,AAL483,8,KPHX,02/20/2017 16:35:00,A319,B2,5,B8,482.55,,
1000,AAL2399,7R,KPHX,02/20/2017 18:05:00,B738,B7,6,G5,940.13,,
1001,ASH5776,7R,KPHX,02/20/2017 17:55:00,CRJ9,B3,6,G5,390.05,,
1002,SWA3218,7R,KPHX,02/20/2017 18:25:00,B737,C14,13,G8,1399.56,,
1003,AAL542,8,KPHX,02/20/2017 16:55:00,A321,A20,3,B8,935.12,,
1004,AAL410,7R,KPHX,02/20/2017 17:57:00,A319,A4,4,G4,1233.12,,
1005,SWA1444,7R,KPHX,02/20/2017 18:25:00,B737,D6,11,G8,1216.71,,
1006,SWA1861,7R,KPHX,02/20/2017 18:45:00,B737,C18,13,G8,1320.56,,
1007,SWA1290,8,KPHX,02/20/2017 17:25:00,B737,D3,10,B8,1312.33,,
1008,SWA4651,7L,KPHX,02/20/2017 17:30:00,B737,D4,11,E11,1171.78,,
1009,SWA3240,8,KPHX,02/20/2017 17:55:00,B737,C17,12,B8,1531.49,,
1010,SWA537,8,KPHX,02/20/2017 18:30:00,B738,C3,11,B8,1378.68,,
1011,ASH5976,8,KPHX,02/20/2017 18:48:00,CRJ9,B9,6,B11,383.26,,
1012,AAL472,8,KPHX,02/20/2017 17:00:00,A321,A30,3,B8,935.94,,
1013,DAL1772,8,KPHX,02/20/2017 16:06:00,A333,23,2,B6,1099.63,,
1014,DAL1769,8,KPHX,02/20/2017 17:22:00,B753,16,1,B6,717.95,,
1015,AAL1618,8,KPHX,02/20/2017 14:30:00,B738,B6,5,B8,1080.74,,
1016,SWA756,8,KPHX,02/20/2017 16:20:00,B737,C16,13,B8,1580.87,,
1017,AAL638,8,KPHX,02/20/2017 16:00:00,A320,A8,4,B8,962.96,,
1018,AAL491,7R,KPHX,02/20/2017 18:00:00,B752,A22,3,G4,1263.1,,
1019,SWA1712,8,KPHX,02/20/2017 19:15:00,B733,D5,10,B8,1341.1,,
1020,AAL413,8,KPHX,02/20/2017 14:55:00,A320,A9,5,B8,1097.83,,
1021,AAL450,8,KPHX,02/20/2017 15:45:00,A321,A18,3,B8,1039.95,,
1022,AAL2023,8,KPHX,02/20/2017 16:50:00,A321,A23,4,B8,1013.87,,
1023,SWA1785,8,KPHX,02/20/2017 17:45:00,B737,C1,11,B8,1040.13,,
1024,ASH5748,7R,KPHX,02/20/2017 19:20:00,CRJ9,B3,6,G5,517.86,,
1025,AAL2407,8,KPHX,02/20/2017 15:30:00,B738,B7,6,B10,1215.72,,
1026,AAL2548,8,KPHX,02/20/2017 14:55:00,B738,A19,4,B8,1033.21,,
1027,SKW3029,8,KPHX,02/20/2017 19:10:00,CRJ7,B18,6,B11,364.68,,
1028,ASH5752,8,KPHX,02/20/2017 19:25:00,CRJ9,B19,7,B11,416.36,,
1029,SWA1506,7R,KPHX,02/20/2017 19:10:00,B737,C19,12,G8,781.44,,
1030,SWA1125,7R,KPHX,02/20/2017 19:40:00,B738,C13,12,G8,1283.84,,
1031,AAL679,8,KPHX,02/20/2017 16:20:00,A321,A21,4,B8,1090.37,,
1032,SKW3108,8,KPHX,02/20/2017 18:59:00,CRJ7,B21,7,B11,287.03,,
1033,SKW3040,7R,KPHX,02/20/2017 19:45:00,CRJ7,B1,6,G5,517.16,,
1034,AAL495,8,KPHX,02/20/2017 16:40:00,A320,B2,5,B8,1068.09,,
1035,SKW3031,8,KPHX,02/20/2017 20:00:00,CRJ7,A1,5,B10,352.93,,
1036,AAL549,7R,KPHX,02/20/2017 18:15:00,A321,A24,3,G4,1267.35,,
1037,DAL1123,8,KPHX,02/20/2017 18:45:00,A320,15,2,B6,827.52,,
1038,CPZ5800,7R,KPHX,02/20/2017 19:25:00,E75S,19,2,G5,501.24,,
1039,SWA311,7L,KPHX,02/20/2017 18:15:00,B737,C9,11,E11,1120.8,,
1040,AAL1826,8,KPHX,02/20/2017 15:35:00,A321,A29,4,B8,994.94,,
1041,SWA262,7R,KPHX,02/20/2017 17:05:00,B737,C2,12,G8,1256.82,,
1042,SWA795,8,KPHX,02/20/2017 18:00:00,B738,C14,13,B8,1578.04,,
1043,SWA1317,8,KPHX,02/20/2017 17:55:00,B733,C18,13,B8,1543.05,,
1044,SWA241,8,KPHX,02/20/2017 19:30:00,B738,C7,11,B8,1361.25,,
1045,DAL2581,8,KPHX,02/20/2017 17:10:00,A320,18,1,B6,764.21,,
1046,SWA4360,8,KPHX,02/20/2017 18:55:00,B737,C6,12,B8,1453.84,,
1047,SWA888,8,KPHX,02/20/2017 19:30:00,B737,C11,12,B8,1476.09,,
1048,SWA4623,8,KPHX,02/20/2017 20:00:00,B737,D3,10,B8,1318.93,,
1049,NKS939,8,KPHX,02/20/2017 19:47:00,A320,2,8,B8,954.29,,
1050,AAL307,26,KPHX,02/20/2017 19:15:00,B738,B13,6,B11,314.04,,
1051,SWA175,7R,KPHX,02/20/2017 20:40:00,B737,C17,12,G8,761.21,,
1052,AAL575,8,KPHX,02/20/2017 19:05:00,A321,A20,3,B8,372.55,,
1053,CPZ5705,26,KPHX,02/20/2017 19:20:00,E170,16,1,B11,215.6,,
1054,AAL642,25L,KPHX,02/20/2017 20:45:00,A320,A9,5,G8,724.64,,
1055,AAL551,26,KPHX,02/20/2017 20:50:00,A321,A23,4,B11,342.79,,
1056,ASH5910,25L,KPHX,02/20/2017 20:45:00,CRJ9,B19,7,G3,670.98,,
1057,ASH5929,25L,KPHX,02/20/2017 20:35:00,CRJ9,B21,7,G7,464.37,,
1058,AAL2341,26,KPHX,02/20/2017 19:15:00,B738,B7,6,B6,857.89,,
1059,SWA4792,26,KPHX,02/20/2017 19:40:00,B737,D1,10,B10,991.67,,
1060,ASH5955,26,KPHX,02/20/2017 20:30:00,CRJ9,B20,6,B11,113.23,,
1061,SKW2900,25L,KPHX,02/20/2017 20:35:00,CRJ7,A1,5,G6,392.07,,
1062,SWA748,26,KPHX,02/20/2017 21:10:00,B738,C16,13,B10,1190.39,,
1063,AAL985,26,KPHX,02/20/2017 20:55:00,B738,B6,5,B11,245.07,,
1064,ASH5989,25L,KPHX,02/20/2017 20:30:00,CRJ2,B15C,7,G6,473.1,,
1065,SWA124,26,KPHX,02/20/2017 19:30:00,B733,C1,11,B10,999.11,,
1066,SWA237,25L,KPHX,02/20/2017 20:40:00,B737,C13,12,G7,718.39,,
1067,AAL1597,26,KPHX,02/20/2017 20:45:00,B738,B14,5,B11,275.39,,
1068,DAL899,26,KPHX,02/20/2017 19:20:00,B752,15,2,B11,512.99,,
1069,AAL429,26,KPHX,02/20/2017 20:29:00,A321,A11,5,B11,243.33,,
1070,ASH5944,26,KPHX,02/20/2017 20:40:00,CRJ9,B9,6,B11,120.51,,
1071,AAL1467,26,KPHX,02/20/2017 20:47:00,B738,B11,6,B11,351.82,,
1072,SWA195,26,KPHX,02/20/2017 19:00:00,B738,D7,10,B10,915.05,,
1073,SWA669,26,KPHX,02/20/2017 21:00:00,B738,C19,12,B10,1104.42,,
1074,SKW3037,26,KPHX,02/20/2017 20:45:00,CRJ7,B15A,7,B11,142.22,,
1075,AAL634,25L,KPHX,02/20/2017 20:45:00,A319,A2,4,G7,792.27,,
1076,AAL424,26,KPHX,02/20/2017 20:51:00,A320,B2,5,B6,815.29,,
1077,ASA610,26,KPHX,02/20/2017 20:15:00,B739,11,9,B5,1387.59,,
1078,AAL500,26,KPHX,02/20/2017 20:49:00,A319,A6,4,B11,242.41,,
1079,DAL2046,26,KPHX,02/20/2017 19:07:00,A321,17,2,B6,417.1,,
1080,SWA438,26,KPHX,02/20/2017 17:45:00,B737,C14,13,B10,1199.09,,
1081,SKW3076,26,KPHX,02/20/2017 21:39:00,CRJ7,B1,6,B11,114.72,,
1082,SWA1693,25R,KPHX,02/20/2017 22:00:00,B737,D3,10,E9,504.8,,
1083,SWA1247,25R,KPHX,02/20/2017 22:10:00,B737,C11,12,E8,738.33,,
1084,SWA3878,26,KPHX,02/20/2017 19:45:00,B737,C3,11,B8,805.9,,
1085,SWA694,26,KPHX,02/20/2017 18:40:00,B738,C7,11,B6,1131.36,,
1086,AAL552,26,KPHX,02/20/2017 20:45:00,A319,B4,5,B8,474.86,,
1087,ASH5745,25R,KPHX,02/20/2017 21:15:00,CRJ9,B17,7,E8,441.34,,
1088,ASH5931,26,KPHX,02/20/2017 22:20:00,CRJ9,B21,7,B8,257.42,,
1089,AAL1072,26,KPHX,02/20/2017 18:10:00,B738,B7,6,B8,584.19,,
1090,AAL526,26,KPHX,02/20/2017 20:55:00,A319,A4,4,B8,380.9,,
1091,AAL1458,26,KPHX,02/20/2017 18:10:00,B738,B14,5,B7,667.64,,
1092,AAL601,25L,KPHX,02/20/2017 20:55:00,A319,A17,4,G4,1083.25,,
1093,SWA381,26,KPHX,02/20/2017 21:20:00,B737,D1,10,B8,731.99,,
1094,AAL583,26,KPHX,02/20/2017 20:30:00,A319,B2,5,B8,479.49,,
1095,AAL686,25L,KPHX,02/20/2017 21:15:00,A321,A21,4,G4,1058.29,,
1096,AAL462,26,KPHX,02/20/2017 22:00:00,A321,A18,3,B7,594.47,,
1097,SWA564,26,KPHX,02/20/2017 21:15:00,B737,C18,13,B8,922.58,,
1098,DAL706,26,KPHX,02/20/2017 22:29:00,A320,18,1,B10,451.56,,
1099,SKW3051,26,KPHX,02/20/2017 23:05:00,CRJ7,A1,5,B8,193.86,,
1100,ASA172,26,KPHX,02/20/2017 18:45:00,B738,10,9,B6,1260.05,,
1101,AAL1034,26,KPHX,02/20/2017 20:40:00,A320,B12,5,B8,427.17,,
1102,AAL644,26,KPHX,02/20/2017 21:37:00,A319,A6,4,B8,318.73,,
1103,SWA1859,25L,KPHX,02/20/2017 21:35:00,B737,C13,12,G4,1020.94,,
1104,SWA1473,25R,KPHX,02/20/2017 23:00:00,B737,D6,11,E8,728.07,,
1105,SWA558,25L,KPHX,02/20/2017 21:45:00,B738,C16,13,G4,1089.59,,
1106,SWA1174,25R,KPHX,02/20/2017 22:30:00,B737,C11,12,E8,710.44,,
1107,SWA1890,26,KPHX,02/20/2017 20:10:00,B737,C19,12,B10,1044.8,,
1108,AAL521,26,KPHX,02/20/2017 19:36:00,A321,A22,3,B7,525.48,,
1109,SKW2898,25L,KPHX,02/20/2017 23:07:00,CRJ7,B9,6,G4,476.93,,
1110,SWA2747,26,KPHX,02/20/2017 20:40:00,B737,D7,10,B8,712.54,,
1111,AAL2581,26,KPHX,02/20/2017 19:05:00,B738,B11,6,B7,866.2,,
1112,SWA1848,26,KPHX,02/20/2017 20:50:00,B738,C8,12,B7,1030.23,,
1113,SWA4028,26,KPHX,02/20/2017 23:00:00,B737,D3,10,B7,992.05,,
1114,SWA1793,25L,KPHX,02/20/2017 23:40:00,B737,C18,13,G7,768.55,,
1115,SWA1418,25L,KPHX,02/20/2017 20:50:00,B737,C13,12,G4,1050.39,,
1116,SWA4770,26,KPHX,02/20/2017 22:35:00,B737,D5,10,B8,687.36,,
1117,SWA4566,25L,KPHX,02/20/2017 22:50:00,B737,C4,12,G4,1024.11,,
1118,SWA1662,26,KPHX,02/20/2017 23:40:00,B737,C6,12,B9,734.16,,
1119,SWA1169,25L,KPHX,02/20/2017 23:50:00,B737,C1,11,G4,965.52,,
1120,SWA4176,25L,KPHX,02/20/2017 23:15:00,B737,C11,12,G4,1047.75,,
1121,AAL853,26,KPHX,02/20/2017 21:24:00,A321,A19,4,B7,576.42,,
1122,DAL1115,26,KPHX,02/20/2017 21:30:00,B752,15,2,B8,199.66,,
1123,SWA1471,26,KPHX,02/21/2017 00:01:00,B737,C7,11,B9,676.4,,
1124,ASA688,26,KPHX,02/20/2017 22:55:00,B739,11,9,B8,930.55,,
1125,SWA4247,26,KPHX,02/21/2017 00:15:00,B733,C3,11,B8,782.75,,
1126,SWA1209,25R,KPHX,02/20/2017 23:50:00,B737,C16,13,E9,691.42,,
1127,SWA1806,26,KPHX,02/20/2017 20:20:00,B738,D6,11,B7,1052.44,,
1128,CPZ5778,25L,KPHX,02/20/2017 23:05:00,E75S,18,1,G4,462.06,,
1129,SWA4485,26,KPHX,02/20/2017 23:25:00,B738,C19,12,B8,817.19,,
1130,AAL486,26,KPHX,02/20/2017 23:45:00,A321,A11,5,B7,650.79,,
1131,SWA349,26,KPHX,02/21/2017 00:15:00,B737,D3,10,B8,705.81,,
1132,SKW2901,25L,KPHX,02/21/2017 00:45:00,CRJ7,A1,5,G3,605.84,,
1133,AAL490,26,KPHX,02/20/2017 23:05:00,A319,A4,4,B8,381.78,,
1134,SKW3046,26,KPHX,02/21/2017 00:59:00,CRJ7,B3,6,B6,358.98,,
1135,AAL1744,26,KPHX,02/21/2017 00:30:00,A321,A22,3,B7,616.38,,
1136,AAL1017,26,KPHX,02/20/2017 23:00:00,B738,B7,6,B7,770.31,,
1137,ASH5938,26,KPHX,02/21/2017 00:10:00,CRJ9,B9,6,B8,219.26,,
1138,ASH5981,25L,KPHX,02/21/2017 00:20:00,CRJ9,B20,6,G4,452.66,,
1139,ASH5714,26,KPHX,02/21/2017 00:55:00,CRJ2,B15C,7,B8,263.05,,
1140,ASH5905,26,KPHX,02/21/2017 00:30:00,CRJ9,B18,6,B8,230.24,,
1141,AAL1494,25L,KPHX,02/21/2017 00:35:00,B738,A21,4,G3,1374.13,,
1142,ASH5953,26,KPHX,02/21/2017 00:25:00,CRJ9,B19,7,B8,268.27,,
1143,AAL545,26,KPHX,02/21/2017 00:25:00,A321,A20,3,B6,677.71,,
1144,AAL2549,25L,KPHX,02/21/2017 00:45:00,B738,B14,5,G3,1461.54,,
1145,AAL494,26,KPHX,02/20/2017 21:25:00,B752,B13,6,B7,778.07,,
1146,SKW4755,26,KPHX,02/21/2017 00:22:00,CRJ7,16,1,B8,171.23,,
1147,SKW5512,25L,KPHX,02/21/2017 00:05:00,E75L,3,9,G4,114.67,,
1148,AAL1355,26,KPHX,02/20/2017 23:35:00,B738,B11,6,B7,835.29,,
1149,AAL590,26,KPHX,02/21/2017 00:23:00,A320,B2,5,B8,448.01,,
1150,AAL614,26,KPHX,02/21/2017 00:17:00,A320,A2,4,B7,650.69,,
1151,SWA123,26,KPHX,02/20/2017 23:00:00,B737,C14,13,B8,913.14,,
1152,SWA1240,25L,KPHX,02/20/2017 21:50:00,B738,C6,12,G4,1010.93,,
1153,SWA1628,25L,KPHX,02/21/2017 01:10:00,B737,C18,13,G4,1088.91,,
1154,AAL1896,25L,KPHX,02/20/2017 23:37:00,A321,A3,5,G3,1416.81,,
1155,SWA1337,25L,KPHX,02/20/2017 21:25:00,B738,D8,11,G3,1246.72,,
1156,AAL777,26,KPHX,02/20/2017 20:55:00,B752,A24,3,B8,318.63,,
1157,SWA1232,25R,KPHX,02/20/2017 21:55:00,B738,D7,10,E8,638.42,,
1158,SWA974,25L,KPHX,02/20/2017 22:25:00,B738,C9,11,G4,961.01,,
1159,SWA585,26,KPHX,02/20/2017 22:45:00,B737,C11,12,B7,1126.23,,
1160,SWA3929,25L,KPHX,02/20/2017 23:05:00,B737,C17,12,G4,1027.39,,
1161,WJA1924,26,KPHX,02/20/2017 23:05:00,B738,B27,7,B7,874.91,,
1162,SWA1891,25L,KPHX,02/20/2017 23:30:00,B737,C14,13,G4,1137.41,,
1163,SWA1157,26,KPHX,02/21/2017 01:20:00,B737,D5,10,B9,632.67,,
1164,DAL542,26,KPHX,02/20/2017 22:45:00,A320,15,2,B11,514.59,,
1165,SWA1579,26,KPHX,02/21/2017 00:01:00,B737,C4,12,B8,862.56,,
1166,SWA1438,26,KPHX,02/21/2017 00:05:00,B737,C1,11,B8,814.0,,
1167,SWA621,25L,KPHX,02/21/2017 00:15:00,B737,C16,13,G4,1098.41,,
1168,SWA4354,25L,KPHX,02/21/2017 00:25:00,B737,C7,11,G4,965.13,,
1169,SWA3995,25L,KPHX,02/21/2017 00:15:00,B737,D1,10,G3,1146.63,,
1170,ASH5755,25L,KPHX,02/21/2017 00:30:00,CRJ9,B21,7,G4,572.01,,
1171,ASH5915,26,KPHX,02/20/2017 23:59:00,CRJ9,B20,6,B9,211.71,,
1172,AAL596,26,KPHX,02/20/2017 23:15:00,A320,A8,4,B7,647.16,,
1173,AAL672,26,KPHX,02/20/2017 22:40:00,A320,A6,4,B8,331.11,,
1174,AAL1805,25L,KPHX,02/20/2017 22:25:00,A321,A23,4,G3,1343.4,,
1175,AAL321,26,KPHX,02/21/2017 00:10:00,B738,B6,5,B7,740.03,,
1176,SWA918,25L,KPHX,02/21/2017 01:45:00,B737,C13,12,G7,719.43,,
1177,AAL2519,26,KPHX,02/20/2017 23:40:00,B738,A18,3,B7,612.07,,
1178,DAL447,26,KPHX,02/20/2017 21:55:00,A319,19,2,B11,505.16,,
1179,AAL1032,26,KPHX,02/20/2017 21:35:00,B738,A25,4,B6,727.31,,
1180,SWA4182,26,KPHX,02/21/2017 00:50:00,B738,D3,10,B7,956.09,,
1181,AAL1322,26,KPHX,02/20/2017 21:30:00,B738,B7,6,B7,856.27,,
1182,AAL563,26,KPHX,02/20/2017 22:00:00,A321,A30,3,B7,587.11,,
1183,AAL528,26,KPHX,02/20/2017 22:30:00,A319,A4,4,B8,376.55,,
1184,AAL627,26,KPHX,02/20/2017 23:15:00,A319,A9,5,B7,758.36,,
1185,DAL1516,26,KPHX,02/21/2017 00:01:00,B763,23,2,B7,381.15,,
1186,ASH5928,25L,KPHX,02/21/2017 01:50:00,CRJ9,B17,7,G4,560.45,,
1187,SWA222,26,KPHX,02/21/2017 02:15:00,B737,C8,12,B10,1101.78,,
1188,AAL452,26,KPHX,02/20/2017 21:20:00,A321,A11,5,B7,685.09,,
1189,AAL1488,26,KPHX,02/20/2017 22:05:00,B738,A5,5,B7,741.42,,
1190,AAL516,25L,KPHX,02/20/2017 22:25:00,A321,A19,4,G3,1358.43,,
1191,AAL449,26,KPHX,02/20/2017 22:55:00,A319,A10,4,B8,367.58,,
1192,AAL1932,26,KPHX,02/20/2017 22:45:00,A321,A21,4,B7,633.18,,
1193,SWA287,26,KPHX,02/20/2017 23:45:00,B737,D6,11,B8,798.96,,
1194,SKW3062,25L,KPHX,02/21/2017 02:15:00,CRJ7,B1,6,G5,371.59,,
1195,SKW3056,25L,KPHX,02/21/2017 02:24:00,CRJ7,B9,6,G4,479.21,,
1196,AAL453,26,KPHX,02/21/2017 00:01:00,A319,B4,5,B9,365.51,,
1197,SKW3011,25L,KPHX,02/21/2017 02:20:00,CRJ7,B19,7,G3,690.76,,
1198,AAL422,26,KPHX,02/20/2017 23:10:00,A320,B10,5,B7,727.92,,
1199,AAL504,26,KPHX,02/21/2017 01:34:00,A320,A2,4,B7,635.42,,
1200,AAL550,25L,KPHX,02/21/2017 00:46:00,A321,A27,4,G4,1043.4,,
1201,JBU603,26,KPHX,02/20/2017 22:45:00,A320,26,1,B7,305.37,,
1202,AAL1881,26,KPHX,02/20/2017 23:00:00,B752,A22,3,B7,603.64,,
1203,SWA1199,25L,KPHX,02/21/2017 01:50:00,B737,C8,12,G4,1006.62,,
1204,SWA1224,25L,KPHX,02/21/2017 03:10:00,B737,C6,12,G4,991.63,,
1205,SWA405,26,KPHX,02/21/2017 02:50:00,B737,C13,12,B8,858.03,,
1206,AAL1384,26,KPHX,02/21/2017 01:59:00,B738,B14,5,B6,830.74,,
1207,AAL809,26,KPHX,02/21/2017 03:25:00,A321,A26,3,B7,538.15,,
1208,AAL2042,26,KPHX,02/21/2017 03:30:00,A319,A10,4,B8,371.21,,
1209,AAL1280,25L,KPHX,02/21/2017 03:30:00,B738,A18,3,G4,1009.69,,
1210,AAL480,26,KPHX,02/21/2017 00:55:00,A321,A3,5,B7,757.98,,
1211,DAL2244,26,KPHX,02/21/2017 03:00:00,B712,18,1,B8,194.77,,
1212,AAL637,26,KPHX,02/21/2017 03:45:00,A321,A20,3,B7,590.67,,
1213,AAL1246,26,KPHX,02/21/2017 03:20:00,B738,B11,6,B6,889.22,,
1214,ASH5911,26,KPHX,02/21/2017 03:25:00,CRJ9,B3,6,B8,224.11,,
1215,ASA622,26,KPHX,02/21/2017 02:35:00,B739,10,9,B7,1151.81,,
1216,AAL513,26,KPHX,02/21/2017 02:25:00,A321,A29,4,B7,588.17,,
1217,DAL781,26,KPHX,02/21/2017 03:37:00,B739,16,1,B6,395.44,,
1218,SWA533,26,KPHX,02/21/2017 01:30:00,B738,C14,13,B7,1200.5,,
1219,ASH5815,26,KPHX,02/21/2017 03:20:00,CRJ9,B16,6,B8,224.21,,
1220,SWA2932,26,KPHX,02/21/2017 04:05:00,B737,D2,11,B8,826.73,,
1221,AAL564,26,KPHX,02/21/2017 03:29:00,A319,A4,4,B8,349.38,,
1222,SWA658,25R,KPHX,02/21/2017 02:50:00,B737,C9,11,E9,588.83,,
1223,AAL1928,26,KPHX,02/21/2017 03:22:00,A319,A5,5,B11,249.66,,
1224,DAL2435,26,KPHX,02/21/2017 00:30:00,B738,17,2,B6,350.47,,
1225,SWA1577,25R,KPHX,02/21/2017 03:00:00,B737,C1,11,E8,709.38,,
1226,DAL881,26,KPHX,02/21/2017 02:35:00,B752,15,2,B7,332.01,,
1227,DAL688,26,KPHX,02/21/2017 01:37:00,B738,19,2,B7,259.33,,
1228,SWA859,25L,KPHX,02/21/2017 02:20:00,B737,D5,10,G4,900.05,,
1229,SWA4616,25L,KPHX,02/21/2017 04:05:00,B737,C4,12,G4,1029.77,,
1230,SKW4682,26,KPHX,02/21/2017 02:55:00,E75L,16,1,B7,116.63,,
1231,DAL2167,26,KPHX,02/21/2017 02:01:00,A321,18,1,B8,193.36,,
1232,SWA1864,26,KPHX,02/21/2017 04:55:00,B733,D4,11,B9,696.76,,
1233,ASA640,26,KPHX,02/21/2017 03:45:00,B738,11,9,B7,1108.84,,
1234,AAL1471,26,KPHX,02/21/2017 01:00:00,B738,A30,3,B6,677.65,,
1235,SWA3163,25R,KPHX,02/21/2017 04:25:00,B737,C16,13,E8,841.09,,
1236,SWA578,25R,KPHX,02/21/2017 04:45:00,B737,C6,12,E9,636.8,,
1237,NKS167,26,KPHX,02/21/2017 03:04:00,A319,2,8,B8,921.1,,
1238,ASA654,26,KPHX,02/21/2017 04:20:00,B739,11,9,B6,1260.18,,
1239,SWA346,26,KPHX,02/21/2017 05:00:00,B738,C3,11,B7,1026.41,,
1240,FFT757,26,KPHX,02/21/2017 05:00:00,A319,26,1,B7,294.55,,
1241,SWA4071,25R,KPHX,02/21/2017 05:15:00,B737,C2,12,E9,639.72,,
1242,AAL889,25L,KPHX,02/21/2017 04:25:00,A321,A18,3,G3,1263.64,,
1243,SWA2224,25L,KPHX,02/21/2017 05:40:00,B738,C8,12,G4,1005.84,,
1244,SWA2938,25R,KPHX,02/21/2017 05:30:00,B737,C7,11,E9,569.89,,
1245,UAL581,8,KPHX,02/20/2017 11:59:00,A320,5,9,B8,1551.03,,
1246,UAL725,8,KPHX,02/20/2017 14:58:00,B739,3,9,B8,931.02,,
1247,SWA1323,8,KPHX,02/20/2017 15:15:00,B737,C9,11,B8,1387.7,,
1248,UAL1859,7R,KPHX,02/20/2017 17:35:00,B739,5,9,G4,598.44,,
1249,UAL739,8,KPHX,02/20/2017 18:47:00,B739,3,9,B8,1533.12,,
1250,UAL2380,7L,KPHX,02/20/2017 19:30:00,A320,6A,8,E6,639.15,,
1251,UAL1141,26,KPHX,02/20/2017 21:15:00,A320,7,9,B7,1109.9,,
1252,UAL1603,26,KPHX,02/20/2017 22:55:00,B739,8,8,B7,1213.11,,
1253,UAL100,26,KPHX,02/20/2017 22:33:00,B739,6A,8,B8,945.23,,
1254,UAL1948,25L,KPHX,02/21/2017 00:40:00,B738,6B,8,G3,541.2,,
1255,SWA374,26,KPHX,02/21/2017 01:55:00,B737,C11,12,B10,1030.17,,
1256,UAL594,26,KPHX,02/21/2017 02:23:00,B738,3,9,B7,1179.13,,
1257,JBU135,26,KPHX,02/21/2017 00:24:00,A320,26,1,B11,517.29,,
1258,UAL867,25R,KPHX,02/21/2017 03:50:00,B738,8,8,E7,312.07,,
1259,UAL645,26,KPHX,02/21/2017 01:00:00,B738,3,9,B7,1129.16,,
